grouped_linked_trip_mode,grouped_tour_mode,trips,purpose
DRIVEALONE,DRIVEALONE,13155861.0,Total
SHARED2,DRIVEALONE,0.0,Total
SHARED3,DRIVEALONE,0.0,Total
WALK,DRIVEALONE,170419.0,Total
BIKE,DRIVEALONE,0.0,Total
WALK-TRANSIT,DRIVEALONE,0.0,Total
PNR-TRANSIT,DRIVEALONE,0.0,Total
KNR-TRANSIT,DRIVEALONE,0.0,Total
TNC-TRANSIT,DRIVEALONE,0.0,Total
TAXI,DRIVEALONE,0.0,Total
TNC-REG,DRIVEALONE,0.0,Total
TNC-SHARED,DRIVEALONE,0.0,Total
SCHOOLBUS,DRIVEALONE,0.0,Total
All,DRIVEALONE,13326280.0,Total
DRIVEALONE,SHARED2,2224987.0,Total
SHARED2,SHARED2,5765839.0,Total
SHARED3,SHARED2,0.0,Total
WALK,SHARED2,164878.0,Total
BIKE,SHARED2,0.0,Total
WALK-TRANSIT,SHARED2,0.0,Total
PNR-TRANSIT,SHARED2,0.0,Total
KNR-TRANSIT,SHARED2,0.0,Total
TNC-TRANSIT,SHARED2,0.0,Total
TAXI,SHARED2,0.0,Total
TNC-REG,SHARED2,0.0,Total
TNC-SHARED,SHARED2,0.0,Total
SCHOOLBUS,SHARED2,0.0,Total
All,SHARED2,8155704.0,Total
DRIVEALONE,SHARED3,884386.0,Total
SHARED2,SHARED3,1042072.0,Total
SHARED3,SHARED3,4019630.0,Total
WALK,SHARED3,139236.0,Total
BIKE,SHARED3,0.0,Total
WALK-TRANSIT,SHARED3,0.0,Total
PNR-TRANSIT,SHARED3,0.0,Total
KNR-TRANSIT,SHARED3,0.0,Total
TNC-TRANSIT,SHARED3,0.0,Total
TAXI,SHARED3,0.0,Total
TNC-REG,SHARED3,0.0,Total
TNC-SHARED,SHARED3,0.0,Total
SCHOOLBUS,SHARED3,0.0,Total
All,SHARED3,6085324.0,Total
DRIVEALONE,WALK,0.0,Total
SHARED2,WALK,0.0,Total
SHARED3,WALK,0.0,Total
WALK,WALK,2615995.0,Total
BIKE,WALK,0.0,Total
WALK-TRANSIT,WALK,0.0,Total
PNR-TRANSIT,WALK,0.0,Total
KNR-TRANSIT,WALK,0.0,Total
TNC-TRANSIT,WALK,0.0,Total
TAXI,WALK,0.0,Total
TNC-REG,WALK,0.0,Total
TNC-SHARED,WALK,0.0,Total
SCHOOLBUS,WALK,0.0,Total
All,WALK,2615995.0,Total
DRIVEALONE,BIKE,0.0,Total
SHARED2,BIKE,0.0,Total
SHARED3,BIKE,0.0,Total
WALK,BIKE,0.0,Total
BIKE,BIKE,376850.0,Total
WALK-TRANSIT,BIKE,0.0,Total
PNR-TRANSIT,BIKE,0.0,Total
KNR-TRANSIT,BIKE,0.0,Total
TNC-TRANSIT,BIKE,0.0,Total
TAXI,BIKE,0.0,Total
TNC-REG,BIKE,0.0,Total
TNC-SHARED,BIKE,0.0,Total
SCHOOLBUS,BIKE,0.0,Total
All,BIKE,376850.0,Total
DRIVEALONE,WALK-TRANSIT,0.0,Total
SHARED2,WALK-TRANSIT,0.0,Total
SHARED3,WALK-TRANSIT,0.0,Total
WALK,WALK-TRANSIT,285831.0,Total
BIKE,WALK-TRANSIT,0.0,Total
WALK-TRANSIT,WALK-TRANSIT,994765.0,Total
PNR-TRANSIT,WALK-TRANSIT,0.0,Total
KNR-TRANSIT,WALK-TRANSIT,0.0,Total
TNC-TRANSIT,WALK-TRANSIT,0.0,Total
TAXI,WALK-TRANSIT,8100.0,Total
TNC-REG,WALK-TRANSIT,18658.0,Total
TNC-SHARED,WALK-TRANSIT,11260.0,Total
SCHOOLBUS,WALK-TRANSIT,0.0,Total
All,WALK-TRANSIT,1318614.0,Total
DRIVEALONE,PNR-TRANSIT,0.0,Total
SHARED2,PNR-TRANSIT,0.0,Total
SHARED3,PNR-TRANSIT,0.0,Total
WALK,PNR-TRANSIT,0.0,Total
BIKE,PNR-TRANSIT,0.0,Total
WALK-TRANSIT,PNR-TRANSIT,0.0,Total
PNR-TRANSIT,PNR-TRANSIT,194779.0,Total
KNR-TRANSIT,PNR-TRANSIT,0.0,Total
TNC-TRANSIT,PNR-TRANSIT,0.0,Total
TAXI,PNR-TRANSIT,345.0,Total
TNC-REG,PNR-TRANSIT,1218.0,Total
TNC-SHARED,PNR-TRANSIT,62.0,Total
SCHOOLBUS,PNR-TRANSIT,0.0,Total
All,PNR-TRANSIT,196405.0,Total
DRIVEALONE,KNR-TRANSIT,0.0,Total
SHARED2,KNR-TRANSIT,0.0,Total
SHARED3,KNR-TRANSIT,0.0,Total
WALK,KNR-TRANSIT,0.0,Total
BIKE,KNR-TRANSIT,0.0,Total
WALK-TRANSIT,KNR-TRANSIT,0.0,Total
PNR-TRANSIT,KNR-TRANSIT,0.0,Total
KNR-TRANSIT,KNR-TRANSIT,93446.0,Total
TNC-TRANSIT,KNR-TRANSIT,0.0,Total
TAXI,KNR-TRANSIT,673.0,Total
TNC-REG,KNR-TRANSIT,2272.0,Total
TNC-SHARED,KNR-TRANSIT,2326.0,Total
SCHOOLBUS,KNR-TRANSIT,0.0,Total
All,KNR-TRANSIT,98716.0,Total
DRIVEALONE,TNC-TRANSIT,0.0,Total
SHARED2,TNC-TRANSIT,0.0,Total
SHARED3,TNC-TRANSIT,0.0,Total
WALK,TNC-TRANSIT,0.0,Total
BIKE,TNC-TRANSIT,0.0,Total
WALK-TRANSIT,TNC-TRANSIT,0.0,Total
PNR-TRANSIT,TNC-TRANSIT,0.0,Total
KNR-TRANSIT,TNC-TRANSIT,0.0,Total
TNC-TRANSIT,TNC-TRANSIT,15413.0,Total
TAXI,TNC-TRANSIT,1124.0,Total
TNC-REG,TNC-TRANSIT,1959.0,Total
TNC-SHARED,TNC-TRANSIT,0.0,Total
SCHOOLBUS,TNC-TRANSIT,0.0,Total
All,TNC-TRANSIT,18496.0,Total
DRIVEALONE,TAXI,0.0,Total
SHARED2,TAXI,23389.0,Total
SHARED3,TAXI,7866.0,Total
WALK,TAXI,6379.0,Total
BIKE,TAXI,0.0,Total
WALK-TRANSIT,TAXI,0.0,Total
PNR-TRANSIT,TAXI,0.0,Total
KNR-TRANSIT,TAXI,0.0,Total
TNC-TRANSIT,TAXI,0.0,Total
TAXI,TAXI,99600.0,Total
TNC-REG,TAXI,0.0,Total
TNC-SHARED,TAXI,0.0,Total
SCHOOLBUS,TAXI,0.0,Total
All,TAXI,137234.0,Total
DRIVEALONE,TNC-REG,0.0,Total
SHARED2,TNC-REG,14060.0,Total
SHARED3,TNC-REG,9395.0,Total
WALK,TNC-REG,52909.0,Total
BIKE,TNC-REG,0.0,Total
WALK-TRANSIT,TNC-REG,0.0,Total
PNR-TRANSIT,TNC-REG,0.0,Total
KNR-TRANSIT,TNC-REG,0.0,Total
TNC-TRANSIT,TNC-REG,0.0,Total
TAXI,TNC-REG,8998.0,Total
TNC-REG,TNC-REG,117689.0,Total
TNC-SHARED,TNC-REG,0.0,Total
SCHOOLBUS,TNC-REG,0.0,Total
All,TNC-REG,203051.0,Total
DRIVEALONE,TNC-SHARED,0.0,Total
SHARED2,TNC-SHARED,7648.0,Total
SHARED3,TNC-SHARED,1976.0,Total
WALK,TNC-SHARED,18249.0,Total
BIKE,TNC-SHARED,0.0,Total
WALK-TRANSIT,TNC-SHARED,0.0,Total
PNR-TRANSIT,TNC-SHARED,0.0,Total
KNR-TRANSIT,TNC-SHARED,0.0,Total
TNC-TRANSIT,TNC-SHARED,0.0,Total
TAXI,TNC-SHARED,936.0,Total
TNC-REG,TNC-SHARED,21985.0,Total
TNC-SHARED,TNC-SHARED,62749.0,Total
SCHOOLBUS,TNC-SHARED,0.0,Total
All,TNC-SHARED,113543.0,Total
DRIVEALONE,SCHOOLBUS,0.0,Total
SHARED2,SCHOOLBUS,105825.0,Total
SHARED3,SCHOOLBUS,101340.0,Total
WALK,SCHOOLBUS,32468.0,Total
BIKE,SCHOOLBUS,0.0,Total
WALK-TRANSIT,SCHOOLBUS,0.0,Total
PNR-TRANSIT,SCHOOLBUS,0.0,Total
KNR-TRANSIT,SCHOOLBUS,0.0,Total
TNC-TRANSIT,SCHOOLBUS,0.0,Total
TAXI,SCHOOLBUS,2784.0,Total
TNC-REG,SCHOOLBUS,0.0,Total
TNC-SHARED,SCHOOLBUS,0.0,Total
SCHOOLBUS,SCHOOLBUS,743451.0,Total
All,SCHOOLBUS,985868.0,Total
DRIVEALONE,All,16265234.0,Total
SHARED2,All,6958833.0,Total
SHARED3,All,4140207.0,Total
WALK,All,3486364.0,Total
BIKE,All,376850.0,Total
WALK-TRANSIT,All,994765.0,Total
PNR-TRANSIT,All,194779.0,Total
KNR-TRANSIT,All,93446.0,Total
TNC-TRANSIT,All,15413.0,Total
TAXI,All,122560.0,Total
TNC-REG,All,163781.0,Total
TNC-SHARED,All,76397.0,Total
SCHOOLBUS,All,743451.0,Total
All,All,33632080.0,Total
DRIVEALONE,DRIVEALONE,4965759.0,Work
SHARED2,DRIVEALONE,0.0,Work
SHARED3,DRIVEALONE,0.0,Work
WALK,DRIVEALONE,42024.0,Work
BIKE,DRIVEALONE,0.0,Work
WALK-TRANSIT,DRIVEALONE,0.0,Work
PNR-TRANSIT,DRIVEALONE,0.0,Work
KNR-TRANSIT,DRIVEALONE,0.0,Work
TNC-TRANSIT,DRIVEALONE,0.0,Work
TAXI,DRIVEALONE,0.0,Work
TNC-REG,DRIVEALONE,0.0,Work
TNC-SHARED,DRIVEALONE,0.0,Work
SCHOOLBUS,DRIVEALONE,0.0,Work
All,DRIVEALONE,5007783.0,Work
DRIVEALONE,SHARED2,759034.0,Work
SHARED2,SHARED2,953164.0,Work
SHARED3,SHARED2,0.0,Work
WALK,SHARED2,30914.0,Work
BIKE,SHARED2,0.0,Work
WALK-TRANSIT,SHARED2,0.0,Work
PNR-TRANSIT,SHARED2,0.0,Work
KNR-TRANSIT,SHARED2,0.0,Work
TNC-TRANSIT,SHARED2,0.0,Work
TAXI,SHARED2,0.0,Work
TNC-REG,SHARED2,0.0,Work
TNC-SHARED,SHARED2,0.0,Work
SCHOOLBUS,SHARED2,0.0,Work
All,SHARED2,1743112.0,Work
DRIVEALONE,SHARED3,357921.0,Work
SHARED2,SHARED3,133731.0,Work
SHARED3,SHARED3,414232.0,Work
WALK,SHARED3,17607.0,Work
BIKE,SHARED3,0.0,Work
WALK-TRANSIT,SHARED3,0.0,Work
PNR-TRANSIT,SHARED3,0.0,Work
KNR-TRANSIT,SHARED3,0.0,Work
TNC-TRANSIT,SHARED3,0.0,Work
TAXI,SHARED3,0.0,Work
TNC-REG,SHARED3,0.0,Work
TNC-SHARED,SHARED3,0.0,Work
SCHOOLBUS,SHARED3,0.0,Work
All,SHARED3,923491.0,Work
DRIVEALONE,WALK,0.0,Work
SHARED2,WALK,0.0,Work
SHARED3,WALK,0.0,Work
WALK,WALK,162665.0,Work
BIKE,WALK,0.0,Work
WALK-TRANSIT,WALK,0.0,Work
PNR-TRANSIT,WALK,0.0,Work
KNR-TRANSIT,WALK,0.0,Work
TNC-TRANSIT,WALK,0.0,Work
TAXI,WALK,0.0,Work
TNC-REG,WALK,0.0,Work
TNC-SHARED,WALK,0.0,Work
SCHOOLBUS,WALK,0.0,Work
All,WALK,162665.0,Work
DRIVEALONE,BIKE,0.0,Work
SHARED2,BIKE,0.0,Work
SHARED3,BIKE,0.0,Work
WALK,BIKE,0.0,Work
BIKE,BIKE,100914.0,Work
WALK-TRANSIT,BIKE,0.0,Work
PNR-TRANSIT,BIKE,0.0,Work
KNR-TRANSIT,BIKE,0.0,Work
TNC-TRANSIT,BIKE,0.0,Work
TAXI,BIKE,0.0,Work
TNC-REG,BIKE,0.0,Work
TNC-SHARED,BIKE,0.0,Work
SCHOOLBUS,BIKE,0.0,Work
All,BIKE,100914.0,Work
DRIVEALONE,WALK-TRANSIT,0.0,Work
SHARED2,WALK-TRANSIT,0.0,Work
SHARED3,WALK-TRANSIT,0.0,Work
WALK,WALK-TRANSIT,160898.0,Work
BIKE,WALK-TRANSIT,0.0,Work
WALK-TRANSIT,WALK-TRANSIT,606592.0,Work
PNR-TRANSIT,WALK-TRANSIT,0.0,Work
KNR-TRANSIT,WALK-TRANSIT,0.0,Work
TNC-TRANSIT,WALK-TRANSIT,0.0,Work
TAXI,WALK-TRANSIT,6354.0,Work
TNC-REG,WALK-TRANSIT,13568.0,Work
TNC-SHARED,WALK-TRANSIT,7708.0,Work
SCHOOLBUS,WALK-TRANSIT,0.0,Work
All,WALK-TRANSIT,795120.0,Work
DRIVEALONE,PNR-TRANSIT,0.0,Work
SHARED2,PNR-TRANSIT,0.0,Work
SHARED3,PNR-TRANSIT,0.0,Work
WALK,PNR-TRANSIT,0.0,Work
BIKE,PNR-TRANSIT,0.0,Work
WALK-TRANSIT,PNR-TRANSIT,0.0,Work
PNR-TRANSIT,PNR-TRANSIT,174514.0,Work
KNR-TRANSIT,PNR-TRANSIT,0.0,Work
TNC-TRANSIT,PNR-TRANSIT,0.0,Work
TAXI,PNR-TRANSIT,310.0,Work
TNC-REG,PNR-TRANSIT,83.0,Work
TNC-SHARED,PNR-TRANSIT,0.0,Work
SCHOOLBUS,PNR-TRANSIT,0.0,Work
All,PNR-TRANSIT,174906.0,Work
DRIVEALONE,KNR-TRANSIT,0.0,Work
SHARED2,KNR-TRANSIT,0.0,Work
SHARED3,KNR-TRANSIT,0.0,Work
WALK,KNR-TRANSIT,0.0,Work
BIKE,KNR-TRANSIT,0.0,Work
WALK-TRANSIT,KNR-TRANSIT,0.0,Work
PNR-TRANSIT,KNR-TRANSIT,0.0,Work
KNR-TRANSIT,KNR-TRANSIT,66438.0,Work
TNC-TRANSIT,KNR-TRANSIT,0.0,Work
TAXI,KNR-TRANSIT,769.0,Work
TNC-REG,KNR-TRANSIT,553.0,Work
TNC-SHARED,KNR-TRANSIT,2187.0,Work
SCHOOLBUS,KNR-TRANSIT,0.0,Work
All,KNR-TRANSIT,69947.0,Work
DRIVEALONE,TNC-TRANSIT,0.0,Work
SHARED2,TNC-TRANSIT,0.0,Work
SHARED3,TNC-TRANSIT,0.0,Work
WALK,TNC-TRANSIT,0.0,Work
BIKE,TNC-TRANSIT,0.0,Work
WALK-TRANSIT,TNC-TRANSIT,0.0,Work
PNR-TRANSIT,TNC-TRANSIT,0.0,Work
KNR-TRANSIT,TNC-TRANSIT,0.0,Work
TNC-TRANSIT,TNC-TRANSIT,9765.0,Work
TAXI,TNC-TRANSIT,1433.0,Work
TNC-REG,TNC-TRANSIT,2191.0,Work
TNC-SHARED,TNC-TRANSIT,0.0,Work
SCHOOLBUS,TNC-TRANSIT,0.0,Work
All,TNC-TRANSIT,13389.0,Work
DRIVEALONE,TAXI,0.0,Work
SHARED2,TAXI,1182.0,Work
SHARED3,TAXI,293.0,Work
WALK,TAXI,955.0,Work
BIKE,TAXI,0.0,Work
WALK-TRANSIT,TAXI,0.0,Work
PNR-TRANSIT,TAXI,0.0,Work
KNR-TRANSIT,TAXI,0.0,Work
TNC-TRANSIT,TAXI,0.0,Work
TAXI,TAXI,11576.0,Work
TNC-REG,TAXI,0.0,Work
TNC-SHARED,TAXI,0.0,Work
SCHOOLBUS,TAXI,0.0,Work
All,TAXI,14006.0,Work
DRIVEALONE,TNC-REG,0.0,Work
SHARED2,TNC-REG,5290.0,Work
SHARED3,TNC-REG,3251.0,Work
WALK,TNC-REG,16217.0,Work
BIKE,TNC-REG,0.0,Work
WALK-TRANSIT,TNC-REG,0.0,Work
PNR-TRANSIT,TNC-REG,0.0,Work
KNR-TRANSIT,TNC-REG,0.0,Work
TNC-TRANSIT,TNC-REG,0.0,Work
TAXI,TNC-REG,779.0,Work
TNC-REG,TNC-REG,28837.0,Work
TNC-SHARED,TNC-REG,0.0,Work
SCHOOLBUS,TNC-REG,0.0,Work
All,TNC-REG,54374.0,Work
DRIVEALONE,TNC-SHARED,0.0,Work
SHARED2,TNC-SHARED,1634.0,Work
SHARED3,TNC-SHARED,214.0,Work
WALK,TNC-SHARED,7939.0,Work
BIKE,TNC-SHARED,0.0,Work
WALK-TRANSIT,TNC-SHARED,0.0,Work
PNR-TRANSIT,TNC-SHARED,0.0,Work
KNR-TRANSIT,TNC-SHARED,0.0,Work
TNC-TRANSIT,TNC-SHARED,0.0,Work
TAXI,TNC-SHARED,0.0,Work
TNC-REG,TNC-SHARED,2474.0,Work
TNC-SHARED,TNC-SHARED,15995.0,Work
SCHOOLBUS,TNC-SHARED,0.0,Work
All,TNC-SHARED,28256.0,Work
DRIVEALONE,SCHOOLBUS,0.0,Work
SHARED2,SCHOOLBUS,0.0,Work
SHARED3,SCHOOLBUS,0.0,Work
WALK,SCHOOLBUS,0.0,Work
BIKE,SCHOOLBUS,0.0,Work
WALK-TRANSIT,SCHOOLBUS,0.0,Work
PNR-TRANSIT,SCHOOLBUS,0.0,Work
KNR-TRANSIT,SCHOOLBUS,0.0,Work
TNC-TRANSIT,SCHOOLBUS,0.0,Work
TAXI,SCHOOLBUS,0.0,Work
TNC-REG,SCHOOLBUS,0.0,Work
TNC-SHARED,SCHOOLBUS,0.0,Work
SCHOOLBUS,SCHOOLBUS,0.0,Work
All,SCHOOLBUS,0.0,Work
DRIVEALONE,All,6082714.0,Work
SHARED2,All,1095001.0,Work
SHARED3,All,417990.0,Work
WALK,All,439219.0,Work
BIKE,All,100914.0,Work
WALK-TRANSIT,All,606592.0,Work
PNR-TRANSIT,All,174514.0,Work
KNR-TRANSIT,All,66438.0,Work
TNC-TRANSIT,All,9765.0,Work
TAXI,All,21221.0,Work
TNC-REG,All,47706.0,Work
TNC-SHARED,All,25890.0,Work
SCHOOLBUS,All,0.0,Work
All,All,9087964.0,Work
DRIVEALONE,DRIVEALONE,248782.0,University
SHARED2,DRIVEALONE,0.0,University
SHARED3,DRIVEALONE,0.0,University
WALK,DRIVEALONE,4583.0,University
BIKE,DRIVEALONE,0.0,University
WALK-TRANSIT,DRIVEALONE,0.0,University
PNR-TRANSIT,DRIVEALONE,0.0,University
KNR-TRANSIT,DRIVEALONE,0.0,University
TNC-TRANSIT,DRIVEALONE,0.0,University
TAXI,DRIVEALONE,0.0,University
TNC-REG,DRIVEALONE,0.0,University
TNC-SHARED,DRIVEALONE,0.0,University
SCHOOLBUS,DRIVEALONE,0.0,University
All,DRIVEALONE,253365.0,University
DRIVEALONE,SHARED2,34319.0,University
SHARED2,SHARED2,74942.0,University
SHARED3,SHARED2,0.0,University
WALK,SHARED2,5040.0,University
BIKE,SHARED2,0.0,University
WALK-TRANSIT,SHARED2,0.0,University
PNR-TRANSIT,SHARED2,0.0,University
KNR-TRANSIT,SHARED2,0.0,University
TNC-TRANSIT,SHARED2,0.0,University
TAXI,SHARED2,0.0,University
TNC-REG,SHARED2,0.0,University
TNC-SHARED,SHARED2,0.0,University
SCHOOLBUS,SHARED2,0.0,University
All,SHARED2,114301.0,University
DRIVEALONE,SHARED3,6992.0,University
SHARED2,SHARED3,7372.0,University
SHARED3,SHARED3,20053.0,University
WALK,SHARED3,1796.0,University
BIKE,SHARED3,0.0,University
WALK-TRANSIT,SHARED3,0.0,University
PNR-TRANSIT,SHARED3,0.0,University
KNR-TRANSIT,SHARED3,0.0,University
TNC-TRANSIT,SHARED3,0.0,University
TAXI,SHARED3,0.0,University
TNC-REG,SHARED3,0.0,University
TNC-SHARED,SHARED3,0.0,University
SCHOOLBUS,SHARED3,0.0,University
All,SHARED3,36213.0,University
DRIVEALONE,WALK,0.0,University
SHARED2,WALK,0.0,University
SHARED3,WALK,0.0,University
WALK,WALK,68449.0,University
BIKE,WALK,0.0,University
WALK-TRANSIT,WALK,0.0,University
PNR-TRANSIT,WALK,0.0,University
KNR-TRANSIT,WALK,0.0,University
TNC-TRANSIT,WALK,0.0,University
TAXI,WALK,0.0,University
TNC-REG,WALK,0.0,University
TNC-SHARED,WALK,0.0,University
SCHOOLBUS,WALK,0.0,University
All,WALK,68449.0,University
DRIVEALONE,BIKE,0.0,University
SHARED2,BIKE,0.0,University
SHARED3,BIKE,0.0,University
WALK,BIKE,0.0,University
BIKE,BIKE,6439.0,University
WALK-TRANSIT,BIKE,0.0,University
PNR-TRANSIT,BIKE,0.0,University
KNR-TRANSIT,BIKE,0.0,University
TNC-TRANSIT,BIKE,0.0,University
TAXI,BIKE,0.0,University
TNC-REG,BIKE,0.0,University
TNC-SHARED,BIKE,0.0,University
SCHOOLBUS,BIKE,0.0,University
All,BIKE,6439.0,University
DRIVEALONE,WALK-TRANSIT,0.0,University
SHARED2,WALK-TRANSIT,0.0,University
SHARED3,WALK-TRANSIT,0.0,University
WALK,WALK-TRANSIT,24963.0,University
BIKE,WALK-TRANSIT,0.0,University
WALK-TRANSIT,WALK-TRANSIT,75316.0,University
PNR-TRANSIT,WALK-TRANSIT,0.0,University
KNR-TRANSIT,WALK-TRANSIT,0.0,University
TNC-TRANSIT,WALK-TRANSIT,0.0,University
TAXI,WALK-TRANSIT,96.0,University
TNC-REG,WALK-TRANSIT,2173.0,University
TNC-SHARED,WALK-TRANSIT,1394.0,University
SCHOOLBUS,WALK-TRANSIT,0.0,University
All,WALK-TRANSIT,103943.0,University
DRIVEALONE,PNR-TRANSIT,0.0,University
SHARED2,PNR-TRANSIT,0.0,University
SHARED3,PNR-TRANSIT,0.0,University
WALK,PNR-TRANSIT,0.0,University
BIKE,PNR-TRANSIT,0.0,University
WALK-TRANSIT,PNR-TRANSIT,0.0,University
PNR-TRANSIT,PNR-TRANSIT,5023.0,University
KNR-TRANSIT,PNR-TRANSIT,0.0,University
TNC-TRANSIT,PNR-TRANSIT,0.0,University
TAXI,PNR-TRANSIT,0.0,University
TNC-REG,PNR-TRANSIT,0.0,University
TNC-SHARED,PNR-TRANSIT,50.0,University
SCHOOLBUS,PNR-TRANSIT,0.0,University
All,PNR-TRANSIT,5073.0,University
DRIVEALONE,KNR-TRANSIT,0.0,University
SHARED2,KNR-TRANSIT,0.0,University
SHARED3,KNR-TRANSIT,0.0,University
WALK,KNR-TRANSIT,0.0,University
BIKE,KNR-TRANSIT,0.0,University
WALK-TRANSIT,KNR-TRANSIT,0.0,University
PNR-TRANSIT,KNR-TRANSIT,0.0,University
KNR-TRANSIT,KNR-TRANSIT,5787.0,University
TNC-TRANSIT,KNR-TRANSIT,0.0,University
TAXI,KNR-TRANSIT,0.0,University
TNC-REG,KNR-TRANSIT,52.0,University
TNC-SHARED,KNR-TRANSIT,396.0,University
SCHOOLBUS,KNR-TRANSIT,0.0,University
All,KNR-TRANSIT,6234.0,University
DRIVEALONE,TNC-TRANSIT,0.0,University
SHARED2,TNC-TRANSIT,0.0,University
SHARED3,TNC-TRANSIT,0.0,University
WALK,TNC-TRANSIT,0.0,University
BIKE,TNC-TRANSIT,0.0,University
WALK-TRANSIT,TNC-TRANSIT,0.0,University
PNR-TRANSIT,TNC-TRANSIT,0.0,University
KNR-TRANSIT,TNC-TRANSIT,0.0,University
TNC-TRANSIT,TNC-TRANSIT,788.0,University
TAXI,TNC-TRANSIT,0.0,University
TNC-REG,TNC-TRANSIT,0.0,University
TNC-SHARED,TNC-TRANSIT,0.0,University
SCHOOLBUS,TNC-TRANSIT,0.0,University
All,TNC-TRANSIT,788.0,University
DRIVEALONE,TAXI,0.0,University
SHARED2,TAXI,0.0,University
SHARED3,TAXI,0.0,University
WALK,TAXI,76.0,University
BIKE,TAXI,0.0,University
WALK-TRANSIT,TAXI,0.0,University
PNR-TRANSIT,TAXI,0.0,University
KNR-TRANSIT,TAXI,0.0,University
TNC-TRANSIT,TAXI,0.0,University
TAXI,TAXI,1110.0,University
TNC-REG,TAXI,0.0,University
TNC-SHARED,TAXI,0.0,University
SCHOOLBUS,TAXI,0.0,University
All,TAXI,1186.0,University
DRIVEALONE,TNC-REG,0.0,University
SHARED2,TNC-REG,0.0,University
SHARED3,TNC-REG,0.0,University
WALK,TNC-REG,803.0,University
BIKE,TNC-REG,0.0,University
WALK-TRANSIT,TNC-REG,0.0,University
PNR-TRANSIT,TNC-REG,0.0,University
KNR-TRANSIT,TNC-REG,0.0,University
TNC-TRANSIT,TNC-REG,0.0,University
TAXI,TNC-REG,0.0,University
TNC-REG,TNC-REG,2334.0,University
TNC-SHARED,TNC-REG,0.0,University
SCHOOLBUS,TNC-REG,0.0,University
All,TNC-REG,3137.0,University
DRIVEALONE,TNC-SHARED,0.0,University
SHARED2,TNC-SHARED,0.0,University
SHARED3,TNC-SHARED,0.0,University
WALK,TNC-SHARED,0.0,University
BIKE,TNC-SHARED,0.0,University
WALK-TRANSIT,TNC-SHARED,0.0,University
PNR-TRANSIT,TNC-SHARED,0.0,University
KNR-TRANSIT,TNC-SHARED,0.0,University
TNC-TRANSIT,TNC-SHARED,0.0,University
TAXI,TNC-SHARED,0.0,University
TNC-REG,TNC-SHARED,0.0,University
TNC-SHARED,TNC-SHARED,1569.0,University
SCHOOLBUS,TNC-SHARED,0.0,University
All,TNC-SHARED,1569.0,University
DRIVEALONE,SCHOOLBUS,0.0,University
SHARED2,SCHOOLBUS,0.0,University
SHARED3,SCHOOLBUS,0.0,University
WALK,SCHOOLBUS,0.0,University
BIKE,SCHOOLBUS,0.0,University
WALK-TRANSIT,SCHOOLBUS,0.0,University
PNR-TRANSIT,SCHOOLBUS,0.0,University
KNR-TRANSIT,SCHOOLBUS,0.0,University
TNC-TRANSIT,SCHOOLBUS,0.0,University
TAXI,SCHOOLBUS,0.0,University
TNC-REG,SCHOOLBUS,0.0,University
TNC-SHARED,SCHOOLBUS,0.0,University
SCHOOLBUS,SCHOOLBUS,0.0,University
All,SCHOOLBUS,0.0,University
DRIVEALONE,All,290093.0,University
SHARED2,All,82314.0,University
SHARED3,All,20053.0,University
WALK,All,105710.0,University
BIKE,All,6439.0,University
WALK-TRANSIT,All,75316.0,University
PNR-TRANSIT,All,5023.0,University
KNR-TRANSIT,All,5787.0,University
TNC-TRANSIT,All,788.0,University
TAXI,All,1206.0,University
TNC-REG,All,4559.0,University
TNC-SHARED,All,3409.0,University
SCHOOLBUS,All,0.0,University
All,All,600698.0,University
DRIVEALONE,DRIVEALONE,109864.0,School
SHARED2,DRIVEALONE,0.0,School
SHARED3,DRIVEALONE,0.0,School
WALK,DRIVEALONE,1387.0,School
BIKE,DRIVEALONE,0.0,School
WALK-TRANSIT,DRIVEALONE,0.0,School
PNR-TRANSIT,DRIVEALONE,0.0,School
KNR-TRANSIT,DRIVEALONE,0.0,School
TNC-TRANSIT,DRIVEALONE,0.0,School
TAXI,DRIVEALONE,0.0,School
TNC-REG,DRIVEALONE,0.0,School
TNC-SHARED,DRIVEALONE,0.0,School
SCHOOLBUS,DRIVEALONE,0.0,School
All,DRIVEALONE,111251.0,School
DRIVEALONE,SHARED2,34740.0,School
SHARED2,SHARED2,375957.0,School
SHARED3,SHARED2,0.0,School
WALK,SHARED2,36695.0,School
BIKE,SHARED2,0.0,School
WALK-TRANSIT,SHARED2,0.0,School
PNR-TRANSIT,SHARED2,0.0,School
KNR-TRANSIT,SHARED2,0.0,School
TNC-TRANSIT,SHARED2,0.0,School
TAXI,SHARED2,0.0,School
TNC-REG,SHARED2,0.0,School
TNC-SHARED,SHARED2,0.0,School
SCHOOLBUS,SHARED2,0.0,School
All,SHARED2,447392.0,School
DRIVEALONE,SHARED3,9274.0,School
SHARED2,SHARED3,155999.0,School
SHARED3,SHARED3,761487.0,School
WALK,SHARED3,53023.0,School
BIKE,SHARED3,0.0,School
WALK-TRANSIT,SHARED3,0.0,School
PNR-TRANSIT,SHARED3,0.0,School
KNR-TRANSIT,SHARED3,0.0,School
TNC-TRANSIT,SHARED3,0.0,School
TAXI,SHARED3,0.0,School
TNC-REG,SHARED3,0.0,School
TNC-SHARED,SHARED3,0.0,School
SCHOOLBUS,SHARED3,0.0,School
All,SHARED3,979783.0,School
DRIVEALONE,WALK,0.0,School
SHARED2,WALK,0.0,School
SHARED3,WALK,0.0,School
WALK,WALK,306821.0,School
BIKE,WALK,0.0,School
WALK-TRANSIT,WALK,0.0,School
PNR-TRANSIT,WALK,0.0,School
KNR-TRANSIT,WALK,0.0,School
TNC-TRANSIT,WALK,0.0,School
TAXI,WALK,0.0,School
TNC-REG,WALK,0.0,School
TNC-SHARED,WALK,0.0,School
SCHOOLBUS,WALK,0.0,School
All,WALK,306821.0,School
DRIVEALONE,BIKE,0.0,School
SHARED2,BIKE,0.0,School
SHARED3,BIKE,0.0,School
WALK,BIKE,0.0,School
BIKE,BIKE,30132.0,School
WALK-TRANSIT,BIKE,0.0,School
PNR-TRANSIT,BIKE,0.0,School
KNR-TRANSIT,BIKE,0.0,School
TNC-TRANSIT,BIKE,0.0,School
TAXI,BIKE,0.0,School
TNC-REG,BIKE,0.0,School
TNC-SHARED,BIKE,0.0,School
SCHOOLBUS,BIKE,0.0,School
All,BIKE,30132.0,School
DRIVEALONE,WALK-TRANSIT,0.0,School
SHARED2,WALK-TRANSIT,0.0,School
SHARED3,WALK-TRANSIT,0.0,School
WALK,WALK-TRANSIT,6731.0,School
BIKE,WALK-TRANSIT,0.0,School
WALK-TRANSIT,WALK-TRANSIT,45457.0,School
PNR-TRANSIT,WALK-TRANSIT,0.0,School
KNR-TRANSIT,WALK-TRANSIT,0.0,School
TNC-TRANSIT,WALK-TRANSIT,0.0,School
TAXI,WALK-TRANSIT,0.0,School
TNC-REG,WALK-TRANSIT,57.0,School
TNC-SHARED,WALK-TRANSIT,347.0,School
SCHOOLBUS,WALK-TRANSIT,0.0,School
All,WALK-TRANSIT,52592.0,School
DRIVEALONE,PNR-TRANSIT,0.0,School
SHARED2,PNR-TRANSIT,0.0,School
SHARED3,PNR-TRANSIT,0.0,School
WALK,PNR-TRANSIT,0.0,School
BIKE,PNR-TRANSIT,0.0,School
WALK-TRANSIT,PNR-TRANSIT,0.0,School
PNR-TRANSIT,PNR-TRANSIT,1015.0,School
KNR-TRANSIT,PNR-TRANSIT,0.0,School
TNC-TRANSIT,PNR-TRANSIT,0.0,School
TAXI,PNR-TRANSIT,0.0,School
TNC-REG,PNR-TRANSIT,0.0,School
TNC-SHARED,PNR-TRANSIT,0.0,School
SCHOOLBUS,PNR-TRANSIT,0.0,School
All,PNR-TRANSIT,1015.0,School
DRIVEALONE,KNR-TRANSIT,0.0,School
SHARED2,KNR-TRANSIT,0.0,School
SHARED3,KNR-TRANSIT,0.0,School
WALK,KNR-TRANSIT,0.0,School
BIKE,KNR-TRANSIT,0.0,School
WALK-TRANSIT,KNR-TRANSIT,0.0,School
PNR-TRANSIT,KNR-TRANSIT,0.0,School
KNR-TRANSIT,KNR-TRANSIT,5888.0,School
TNC-TRANSIT,KNR-TRANSIT,0.0,School
TAXI,KNR-TRANSIT,0.0,School
TNC-REG,KNR-TRANSIT,362.0,School
TNC-SHARED,KNR-TRANSIT,0.0,School
SCHOOLBUS,KNR-TRANSIT,0.0,School
All,KNR-TRANSIT,6250.0,School
DRIVEALONE,TNC-TRANSIT,0.0,School
SHARED2,TNC-TRANSIT,0.0,School
SHARED3,TNC-TRANSIT,0.0,School
WALK,TNC-TRANSIT,0.0,School
BIKE,TNC-TRANSIT,0.0,School
WALK-TRANSIT,TNC-TRANSIT,0.0,School
PNR-TRANSIT,TNC-TRANSIT,0.0,School
KNR-TRANSIT,TNC-TRANSIT,0.0,School
TNC-TRANSIT,TNC-TRANSIT,343.0,School
TAXI,TNC-TRANSIT,0.0,School
TNC-REG,TNC-TRANSIT,0.0,School
TNC-SHARED,TNC-TRANSIT,0.0,School
SCHOOLBUS,TNC-TRANSIT,0.0,School
All,TNC-TRANSIT,343.0,School
DRIVEALONE,TAXI,0.0,School
SHARED2,TAXI,4420.0,School
SHARED3,TAXI,1528.0,School
WALK,TAXI,1105.0,School
BIKE,TAXI,0.0,School
WALK-TRANSIT,TAXI,0.0,School
PNR-TRANSIT,TAXI,0.0,School
KNR-TRANSIT,TAXI,0.0,School
TNC-TRANSIT,TAXI,0.0,School
TAXI,TAXI,4924.0,School
TNC-REG,TAXI,0.0,School
TNC-SHARED,TAXI,0.0,School
SCHOOLBUS,TAXI,0.0,School
All,TAXI,11977.0,School
DRIVEALONE,TNC-REG,0.0,School
SHARED2,TNC-REG,74.0,School
SHARED3,TNC-REG,1521.0,School
WALK,TNC-REG,433.0,School
BIKE,TNC-REG,0.0,School
WALK-TRANSIT,TNC-REG,0.0,School
PNR-TRANSIT,TNC-REG,0.0,School
KNR-TRANSIT,TNC-REG,0.0,School
TNC-TRANSIT,TNC-REG,0.0,School
TAXI,TNC-REG,0.0,School
TNC-REG,TNC-REG,3945.0,School
TNC-SHARED,TNC-REG,0.0,School
SCHOOLBUS,TNC-REG,0.0,School
All,TNC-REG,5973.0,School
DRIVEALONE,TNC-SHARED,0.0,School
SHARED2,TNC-SHARED,0.0,School
SHARED3,TNC-SHARED,0.0,School
WALK,TNC-SHARED,0.0,School
BIKE,TNC-SHARED,0.0,School
WALK-TRANSIT,TNC-SHARED,0.0,School
PNR-TRANSIT,TNC-SHARED,0.0,School
KNR-TRANSIT,TNC-SHARED,0.0,School
TNC-TRANSIT,TNC-SHARED,0.0,School
TAXI,TNC-SHARED,0.0,School
TNC-REG,TNC-SHARED,0.0,School
TNC-SHARED,TNC-SHARED,0.0,School
SCHOOLBUS,TNC-SHARED,0.0,School
All,TNC-SHARED,0.0,School
DRIVEALONE,SCHOOLBUS,0.0,School
SHARED2,SCHOOLBUS,105825.0,School
SHARED3,SCHOOLBUS,101340.0,School
WALK,SCHOOLBUS,32468.0,School
BIKE,SCHOOLBUS,0.0,School
WALK-TRANSIT,SCHOOLBUS,0.0,School
PNR-TRANSIT,SCHOOLBUS,0.0,School
KNR-TRANSIT,SCHOOLBUS,0.0,School
TNC-TRANSIT,SCHOOLBUS,0.0,School
TAXI,SCHOOLBUS,2784.0,School
TNC-REG,SCHOOLBUS,0.0,School
TNC-SHARED,SCHOOLBUS,0.0,School
SCHOOLBUS,SCHOOLBUS,743451.0,School
All,SCHOOLBUS,985868.0,School
DRIVEALONE,All,153878.0,School
SHARED2,All,642275.0,School
SHARED3,All,865876.0,School
WALK,All,438663.0,School
BIKE,All,30132.0,School
WALK-TRANSIT,All,45457.0,School
PNR-TRANSIT,All,1015.0,School
KNR-TRANSIT,All,5888.0,School
TNC-TRANSIT,All,343.0,School
TAXI,All,7708.0,School
TNC-REG,All,4364.0,School
TNC-SHARED,All,347.0,School
SCHOOLBUS,All,743451.0,School
All,All,2939397.0,School
DRIVEALONE,DRIVEALONE,696602.0,Work sub-tour
SHARED2,DRIVEALONE,0.0,Work sub-tour
SHARED3,DRIVEALONE,0.0,Work sub-tour
WALK,DRIVEALONE,3358.0,Work sub-tour
BIKE,DRIVEALONE,0.0,Work sub-tour
WALK-TRANSIT,DRIVEALONE,0.0,Work sub-tour
PNR-TRANSIT,DRIVEALONE,0.0,Work sub-tour
KNR-TRANSIT,DRIVEALONE,0.0,Work sub-tour
TNC-TRANSIT,DRIVEALONE,0.0,Work sub-tour
TAXI,DRIVEALONE,0.0,Work sub-tour
TNC-REG,DRIVEALONE,0.0,Work sub-tour
TNC-SHARED,DRIVEALONE,0.0,Work sub-tour
SCHOOLBUS,DRIVEALONE,0.0,Work sub-tour
All,DRIVEALONE,699960.0,Work sub-tour
DRIVEALONE,SHARED2,14208.0,Work sub-tour
SHARED2,SHARED2,95809.0,Work sub-tour
SHARED3,SHARED2,0.0,Work sub-tour
WALK,SHARED2,369.0,Work sub-tour
BIKE,SHARED2,0.0,Work sub-tour
WALK-TRANSIT,SHARED2,0.0,Work sub-tour
PNR-TRANSIT,SHARED2,0.0,Work sub-tour
KNR-TRANSIT,SHARED2,0.0,Work sub-tour
TNC-TRANSIT,SHARED2,0.0,Work sub-tour
TAXI,SHARED2,0.0,Work sub-tour
TNC-REG,SHARED2,0.0,Work sub-tour
TNC-SHARED,SHARED2,0.0,Work sub-tour
SCHOOLBUS,SHARED2,0.0,Work sub-tour
All,SHARED2,110386.0,Work sub-tour
DRIVEALONE,SHARED3,2043.0,Work sub-tour
SHARED2,SHARED3,2662.0,Work sub-tour
SHARED3,SHARED3,49392.0,Work sub-tour
WALK,SHARED3,73.0,Work sub-tour
BIKE,SHARED3,0.0,Work sub-tour
WALK-TRANSIT,SHARED3,0.0,Work sub-tour
PNR-TRANSIT,SHARED3,0.0,Work sub-tour
KNR-TRANSIT,SHARED3,0.0,Work sub-tour
TNC-TRANSIT,SHARED3,0.0,Work sub-tour
TAXI,SHARED3,0.0,Work sub-tour
TNC-REG,SHARED3,0.0,Work sub-tour
TNC-SHARED,SHARED3,0.0,Work sub-tour
SCHOOLBUS,SHARED3,0.0,Work sub-tour
All,SHARED3,54170.0,Work sub-tour
DRIVEALONE,WALK,0.0,Work sub-tour
SHARED2,WALK,0.0,Work sub-tour
SHARED3,WALK,0.0,Work sub-tour
WALK,WALK,304032.0,Work sub-tour
BIKE,WALK,0.0,Work sub-tour
WALK-TRANSIT,WALK,0.0,Work sub-tour
PNR-TRANSIT,WALK,0.0,Work sub-tour
KNR-TRANSIT,WALK,0.0,Work sub-tour
TNC-TRANSIT,WALK,0.0,Work sub-tour
TAXI,WALK,0.0,Work sub-tour
TNC-REG,WALK,0.0,Work sub-tour
TNC-SHARED,WALK,0.0,Work sub-tour
SCHOOLBUS,WALK,0.0,Work sub-tour
All,WALK,304032.0,Work sub-tour
DRIVEALONE,BIKE,0.0,Work sub-tour
SHARED2,BIKE,0.0,Work sub-tour
SHARED3,BIKE,0.0,Work sub-tour
WALK,BIKE,0.0,Work sub-tour
BIKE,BIKE,11085.0,Work sub-tour
WALK-TRANSIT,BIKE,0.0,Work sub-tour
PNR-TRANSIT,BIKE,0.0,Work sub-tour
KNR-TRANSIT,BIKE,0.0,Work sub-tour
TNC-TRANSIT,BIKE,0.0,Work sub-tour
TAXI,BIKE,0.0,Work sub-tour
TNC-REG,BIKE,0.0,Work sub-tour
TNC-SHARED,BIKE,0.0,Work sub-tour
SCHOOLBUS,BIKE,0.0,Work sub-tour
All,BIKE,11085.0,Work sub-tour
DRIVEALONE,WALK-TRANSIT,0.0,Work sub-tour
SHARED2,WALK-TRANSIT,0.0,Work sub-tour
SHARED3,WALK-TRANSIT,0.0,Work sub-tour
WALK,WALK-TRANSIT,3807.0,Work sub-tour
BIKE,WALK-TRANSIT,0.0,Work sub-tour
WALK-TRANSIT,WALK-TRANSIT,23574.0,Work sub-tour
PNR-TRANSIT,WALK-TRANSIT,0.0,Work sub-tour
KNR-TRANSIT,WALK-TRANSIT,0.0,Work sub-tour
TNC-TRANSIT,WALK-TRANSIT,0.0,Work sub-tour
TAXI,WALK-TRANSIT,0.0,Work sub-tour
TNC-REG,WALK-TRANSIT,0.0,Work sub-tour
TNC-SHARED,WALK-TRANSIT,0.0,Work sub-tour
SCHOOLBUS,WALK-TRANSIT,0.0,Work sub-tour
All,WALK-TRANSIT,27381.0,Work sub-tour
DRIVEALONE,PNR-TRANSIT,0.0,Work sub-tour
SHARED2,PNR-TRANSIT,0.0,Work sub-tour
SHARED3,PNR-TRANSIT,0.0,Work sub-tour
WALK,PNR-TRANSIT,0.0,Work sub-tour
BIKE,PNR-TRANSIT,0.0,Work sub-tour
WALK-TRANSIT,PNR-TRANSIT,0.0,Work sub-tour
PNR-TRANSIT,PNR-TRANSIT,5141.0,Work sub-tour
KNR-TRANSIT,PNR-TRANSIT,0.0,Work sub-tour
TNC-TRANSIT,PNR-TRANSIT,0.0,Work sub-tour
TAXI,PNR-TRANSIT,0.0,Work sub-tour
TNC-REG,PNR-TRANSIT,0.0,Work sub-tour
TNC-SHARED,PNR-TRANSIT,0.0,Work sub-tour
SCHOOLBUS,PNR-TRANSIT,0.0,Work sub-tour
All,PNR-TRANSIT,5141.0,Work sub-tour
DRIVEALONE,KNR-TRANSIT,0.0,Work sub-tour
SHARED2,KNR-TRANSIT,0.0,Work sub-tour
SHARED3,KNR-TRANSIT,0.0,Work sub-tour
WALK,KNR-TRANSIT,0.0,Work sub-tour
BIKE,KNR-TRANSIT,0.0,Work sub-tour
WALK-TRANSIT,KNR-TRANSIT,0.0,Work sub-tour
PNR-TRANSIT,KNR-TRANSIT,0.0,Work sub-tour
KNR-TRANSIT,KNR-TRANSIT,2020.0,Work sub-tour
TNC-TRANSIT,KNR-TRANSIT,0.0,Work sub-tour
TAXI,KNR-TRANSIT,0.0,Work sub-tour
TNC-REG,KNR-TRANSIT,0.0,Work sub-tour
TNC-SHARED,KNR-TRANSIT,0.0,Work sub-tour
SCHOOLBUS,KNR-TRANSIT,0.0,Work sub-tour
All,KNR-TRANSIT,2020.0,Work sub-tour
DRIVEALONE,TNC-TRANSIT,0.0,Work sub-tour
SHARED2,TNC-TRANSIT,0.0,Work sub-tour
SHARED3,TNC-TRANSIT,0.0,Work sub-tour
WALK,TNC-TRANSIT,0.0,Work sub-tour
BIKE,TNC-TRANSIT,0.0,Work sub-tour
WALK-TRANSIT,TNC-TRANSIT,0.0,Work sub-tour
PNR-TRANSIT,TNC-TRANSIT,0.0,Work sub-tour
KNR-TRANSIT,TNC-TRANSIT,0.0,Work sub-tour
TNC-TRANSIT,TNC-TRANSIT,663.0,Work sub-tour
TAXI,TNC-TRANSIT,0.0,Work sub-tour
TNC-REG,TNC-TRANSIT,0.0,Work sub-tour
TNC-SHARED,TNC-TRANSIT,0.0,Work sub-tour
SCHOOLBUS,TNC-TRANSIT,0.0,Work sub-tour
All,TNC-TRANSIT,663.0,Work sub-tour
DRIVEALONE,TAXI,0.0,Work sub-tour
SHARED2,TAXI,113.0,Work sub-tour
SHARED3,TAXI,226.0,Work sub-tour
WALK,TAXI,1515.0,Work sub-tour
BIKE,TAXI,0.0,Work sub-tour
WALK-TRANSIT,TAXI,0.0,Work sub-tour
PNR-TRANSIT,TAXI,0.0,Work sub-tour
KNR-TRANSIT,TAXI,0.0,Work sub-tour
TNC-TRANSIT,TAXI,0.0,Work sub-tour
TAXI,TAXI,7075.0,Work sub-tour
TNC-REG,TAXI,0.0,Work sub-tour
TNC-SHARED,TAXI,0.0,Work sub-tour
SCHOOLBUS,TAXI,0.0,Work sub-tour
All,TAXI,8929.0,Work sub-tour
DRIVEALONE,TNC-REG,0.0,Work sub-tour
SHARED2,TNC-REG,0.0,Work sub-tour
SHARED3,TNC-REG,0.0,Work sub-tour
WALK,TNC-REG,289.0,Work sub-tour
BIKE,TNC-REG,0.0,Work sub-tour
WALK-TRANSIT,TNC-REG,0.0,Work sub-tour
PNR-TRANSIT,TNC-REG,0.0,Work sub-tour
KNR-TRANSIT,TNC-REG,0.0,Work sub-tour
TNC-TRANSIT,TNC-REG,0.0,Work sub-tour
TAXI,TNC-REG,189.0,Work sub-tour
TNC-REG,TNC-REG,1211.0,Work sub-tour
TNC-SHARED,TNC-REG,0.0,Work sub-tour
SCHOOLBUS,TNC-REG,0.0,Work sub-tour
All,TNC-REG,1689.0,Work sub-tour
DRIVEALONE,TNC-SHARED,0.0,Work sub-tour
SHARED2,TNC-SHARED,0.0,Work sub-tour
SHARED3,TNC-SHARED,0.0,Work sub-tour
WALK,TNC-SHARED,0.0,Work sub-tour
BIKE,TNC-SHARED,0.0,Work sub-tour
WALK-TRANSIT,TNC-SHARED,0.0,Work sub-tour
PNR-TRANSIT,TNC-SHARED,0.0,Work sub-tour
KNR-TRANSIT,TNC-SHARED,0.0,Work sub-tour
TNC-TRANSIT,TNC-SHARED,0.0,Work sub-tour
TAXI,TNC-SHARED,0.0,Work sub-tour
TNC-REG,TNC-SHARED,0.0,Work sub-tour
TNC-SHARED,TNC-SHARED,2100.0,Work sub-tour
SCHOOLBUS,TNC-SHARED,0.0,Work sub-tour
All,TNC-SHARED,2100.0,Work sub-tour
DRIVEALONE,SCHOOLBUS,0.0,Work sub-tour
SHARED2,SCHOOLBUS,0.0,Work sub-tour
SHARED3,SCHOOLBUS,0.0,Work sub-tour
WALK,SCHOOLBUS,0.0,Work sub-tour
BIKE,SCHOOLBUS,0.0,Work sub-tour
WALK-TRANSIT,SCHOOLBUS,0.0,Work sub-tour
PNR-TRANSIT,SCHOOLBUS,0.0,Work sub-tour
KNR-TRANSIT,SCHOOLBUS,0.0,Work sub-tour
TNC-TRANSIT,SCHOOLBUS,0.0,Work sub-tour
TAXI,SCHOOLBUS,0.0,Work sub-tour
TNC-REG,SCHOOLBUS,0.0,Work sub-tour
TNC-SHARED,SCHOOLBUS,0.0,Work sub-tour
SCHOOLBUS,SCHOOLBUS,0.0,Work sub-tour
All,SCHOOLBUS,0.0,Work sub-tour
DRIVEALONE,All,712853.0,Work sub-tour
SHARED2,All,98584.0,Work sub-tour
SHARED3,All,49618.0,Work sub-tour
WALK,All,313443.0,Work sub-tour
BIKE,All,11085.0,Work sub-tour
WALK-TRANSIT,All,23574.0,Work sub-tour
PNR-TRANSIT,All,5141.0,Work sub-tour
KNR-TRANSIT,All,2020.0,Work sub-tour
TNC-TRANSIT,All,663.0,Work sub-tour
TAXI,All,7264.0,Work sub-tour
TNC-REG,All,1211.0,Work sub-tour
TNC-SHARED,All,2100.0,Work sub-tour
SCHOOLBUS,All,0.0,Work sub-tour
All,All,1227556.0,Work sub-tour
DRIVEALONE,DRIVEALONE,4468241.0,Ind-Maintenance
SHARED2,DRIVEALONE,0.0,Ind-Maintenance
SHARED3,DRIVEALONE,0.0,Ind-Maintenance
WALK,DRIVEALONE,77824.0,Ind-Maintenance
BIKE,DRIVEALONE,0.0,Ind-Maintenance
WALK-TRANSIT,DRIVEALONE,0.0,Ind-Maintenance
PNR-TRANSIT,DRIVEALONE,0.0,Ind-Maintenance
KNR-TRANSIT,DRIVEALONE,0.0,Ind-Maintenance
TNC-TRANSIT,DRIVEALONE,0.0,Ind-Maintenance
TAXI,DRIVEALONE,0.0,Ind-Maintenance
TNC-REG,DRIVEALONE,0.0,Ind-Maintenance
TNC-SHARED,DRIVEALONE,0.0,Ind-Maintenance
SCHOOLBUS,DRIVEALONE,0.0,Ind-Maintenance
All,DRIVEALONE,4546065.0,Ind-Maintenance
DRIVEALONE,SHARED2,1060277.0,Ind-Maintenance
SHARED2,SHARED2,1943257.0,Ind-Maintenance
SHARED3,SHARED2,0.0,Ind-Maintenance
WALK,SHARED2,55300.0,Ind-Maintenance
BIKE,SHARED2,0.0,Ind-Maintenance
WALK-TRANSIT,SHARED2,0.0,Ind-Maintenance
PNR-TRANSIT,SHARED2,0.0,Ind-Maintenance
KNR-TRANSIT,SHARED2,0.0,Ind-Maintenance
TNC-TRANSIT,SHARED2,0.0,Ind-Maintenance
TAXI,SHARED2,0.0,Ind-Maintenance
TNC-REG,SHARED2,0.0,Ind-Maintenance
TNC-SHARED,SHARED2,0.0,Ind-Maintenance
SCHOOLBUS,SHARED2,0.0,Ind-Maintenance
All,SHARED2,3058834.0,Ind-Maintenance
DRIVEALONE,SHARED3,395524.0,Ind-Maintenance
SHARED2,SHARED3,452872.0,Ind-Maintenance
SHARED3,SHARED3,1429751.0,Ind-Maintenance
WALK,SHARED3,35630.0,Ind-Maintenance
BIKE,SHARED3,0.0,Ind-Maintenance
WALK-TRANSIT,SHARED3,0.0,Ind-Maintenance
PNR-TRANSIT,SHARED3,0.0,Ind-Maintenance
KNR-TRANSIT,SHARED3,0.0,Ind-Maintenance
TNC-TRANSIT,SHARED3,0.0,Ind-Maintenance
TAXI,SHARED3,0.0,Ind-Maintenance
TNC-REG,SHARED3,0.0,Ind-Maintenance
TNC-SHARED,SHARED3,0.0,Ind-Maintenance
SCHOOLBUS,SHARED3,0.0,Ind-Maintenance
All,SHARED3,2313777.0,Ind-Maintenance
DRIVEALONE,WALK,0.0,Ind-Maintenance
SHARED2,WALK,0.0,Ind-Maintenance
SHARED3,WALK,0.0,Ind-Maintenance
WALK,WALK,910226.0,Ind-Maintenance
BIKE,WALK,0.0,Ind-Maintenance
WALK-TRANSIT,WALK,0.0,Ind-Maintenance
PNR-TRANSIT,WALK,0.0,Ind-Maintenance
KNR-TRANSIT,WALK,0.0,Ind-Maintenance
TNC-TRANSIT,WALK,0.0,Ind-Maintenance
TAXI,WALK,0.0,Ind-Maintenance
TNC-REG,WALK,0.0,Ind-Maintenance
TNC-SHARED,WALK,0.0,Ind-Maintenance
SCHOOLBUS,WALK,0.0,Ind-Maintenance
All,WALK,910226.0,Ind-Maintenance
DRIVEALONE,BIKE,0.0,Ind-Maintenance
SHARED2,BIKE,0.0,Ind-Maintenance
SHARED3,BIKE,0.0,Ind-Maintenance
WALK,BIKE,0.0,Ind-Maintenance
BIKE,BIKE,118887.0,Ind-Maintenance
WALK-TRANSIT,BIKE,0.0,Ind-Maintenance
PNR-TRANSIT,BIKE,0.0,Ind-Maintenance
KNR-TRANSIT,BIKE,0.0,Ind-Maintenance
TNC-TRANSIT,BIKE,0.0,Ind-Maintenance
TAXI,BIKE,0.0,Ind-Maintenance
TNC-REG,BIKE,0.0,Ind-Maintenance
TNC-SHARED,BIKE,0.0,Ind-Maintenance
SCHOOLBUS,BIKE,0.0,Ind-Maintenance
All,BIKE,118887.0,Ind-Maintenance
DRIVEALONE,WALK-TRANSIT,0.0,Ind-Maintenance
SHARED2,WALK-TRANSIT,0.0,Ind-Maintenance
SHARED3,WALK-TRANSIT,0.0,Ind-Maintenance
WALK,WALK-TRANSIT,41982.0,Ind-Maintenance
BIKE,WALK-TRANSIT,0.0,Ind-Maintenance
WALK-TRANSIT,WALK-TRANSIT,136529.0,Ind-Maintenance
PNR-TRANSIT,WALK-TRANSIT,0.0,Ind-Maintenance
KNR-TRANSIT,WALK-TRANSIT,0.0,Ind-Maintenance
TNC-TRANSIT,WALK-TRANSIT,0.0,Ind-Maintenance
TAXI,WALK-TRANSIT,1102.0,Ind-Maintenance
TNC-REG,WALK-TRANSIT,1994.0,Ind-Maintenance
TNC-SHARED,WALK-TRANSIT,1426.0,Ind-Maintenance
SCHOOLBUS,WALK-TRANSIT,0.0,Ind-Maintenance
All,WALK-TRANSIT,183033.0,Ind-Maintenance
DRIVEALONE,PNR-TRANSIT,0.0,Ind-Maintenance
SHARED2,PNR-TRANSIT,0.0,Ind-Maintenance
SHARED3,PNR-TRANSIT,0.0,Ind-Maintenance
WALK,PNR-TRANSIT,0.0,Ind-Maintenance
BIKE,PNR-TRANSIT,0.0,Ind-Maintenance
WALK-TRANSIT,PNR-TRANSIT,0.0,Ind-Maintenance
PNR-TRANSIT,PNR-TRANSIT,5419.0,Ind-Maintenance
KNR-TRANSIT,PNR-TRANSIT,0.0,Ind-Maintenance
TNC-TRANSIT,PNR-TRANSIT,0.0,Ind-Maintenance
TAXI,PNR-TRANSIT,0.0,Ind-Maintenance
TNC-REG,PNR-TRANSIT,50.0,Ind-Maintenance
TNC-SHARED,PNR-TRANSIT,0.0,Ind-Maintenance
SCHOOLBUS,PNR-TRANSIT,0.0,Ind-Maintenance
All,PNR-TRANSIT,5469.0,Ind-Maintenance
DRIVEALONE,KNR-TRANSIT,0.0,Ind-Maintenance
SHARED2,KNR-TRANSIT,0.0,Ind-Maintenance
SHARED3,KNR-TRANSIT,0.0,Ind-Maintenance
WALK,KNR-TRANSIT,0.0,Ind-Maintenance
BIKE,KNR-TRANSIT,0.0,Ind-Maintenance
WALK-TRANSIT,KNR-TRANSIT,0.0,Ind-Maintenance
PNR-TRANSIT,KNR-TRANSIT,0.0,Ind-Maintenance
KNR-TRANSIT,KNR-TRANSIT,7125.0,Ind-Maintenance
TNC-TRANSIT,KNR-TRANSIT,0.0,Ind-Maintenance
TAXI,KNR-TRANSIT,0.0,Ind-Maintenance
TNC-REG,KNR-TRANSIT,0.0,Ind-Maintenance
TNC-SHARED,KNR-TRANSIT,0.0,Ind-Maintenance
SCHOOLBUS,KNR-TRANSIT,0.0,Ind-Maintenance
All,KNR-TRANSIT,7125.0,Ind-Maintenance
DRIVEALONE,TNC-TRANSIT,0.0,Ind-Maintenance
SHARED2,TNC-TRANSIT,0.0,Ind-Maintenance
SHARED3,TNC-TRANSIT,0.0,Ind-Maintenance
WALK,TNC-TRANSIT,0.0,Ind-Maintenance
BIKE,TNC-TRANSIT,0.0,Ind-Maintenance
WALK-TRANSIT,TNC-TRANSIT,0.0,Ind-Maintenance
PNR-TRANSIT,TNC-TRANSIT,0.0,Ind-Maintenance
KNR-TRANSIT,TNC-TRANSIT,0.0,Ind-Maintenance
TNC-TRANSIT,TNC-TRANSIT,2161.0,Ind-Maintenance
TAXI,TNC-TRANSIT,75.0,Ind-Maintenance
TNC-REG,TNC-TRANSIT,0.0,Ind-Maintenance
TNC-SHARED,TNC-TRANSIT,0.0,Ind-Maintenance
SCHOOLBUS,TNC-TRANSIT,0.0,Ind-Maintenance
All,TNC-TRANSIT,2236.0,Ind-Maintenance
DRIVEALONE,TAXI,0.0,Ind-Maintenance
SHARED2,TAXI,15425.0,Ind-Maintenance
SHARED3,TAXI,2665.0,Ind-Maintenance
WALK,TAXI,1923.0,Ind-Maintenance
BIKE,TAXI,0.0,Ind-Maintenance
WALK-TRANSIT,TAXI,0.0,Ind-Maintenance
PNR-TRANSIT,TAXI,0.0,Ind-Maintenance
KNR-TRANSIT,TAXI,0.0,Ind-Maintenance
TNC-TRANSIT,TAXI,0.0,Ind-Maintenance
TAXI,TAXI,44912.0,Ind-Maintenance
TNC-REG,TAXI,0.0,Ind-Maintenance
TNC-SHARED,TAXI,0.0,Ind-Maintenance
SCHOOLBUS,TAXI,0.0,Ind-Maintenance
All,TAXI,64925.0,Ind-Maintenance
DRIVEALONE,TNC-REG,0.0,Ind-Maintenance
SHARED2,TNC-REG,3195.0,Ind-Maintenance
SHARED3,TNC-REG,4029.0,Ind-Maintenance
WALK,TNC-REG,19410.0,Ind-Maintenance
BIKE,TNC-REG,0.0,Ind-Maintenance
WALK-TRANSIT,TNC-REG,0.0,Ind-Maintenance
PNR-TRANSIT,TNC-REG,0.0,Ind-Maintenance
KNR-TRANSIT,TNC-REG,0.0,Ind-Maintenance
TNC-TRANSIT,TNC-REG,0.0,Ind-Maintenance
TAXI,TNC-REG,62.0,Ind-Maintenance
TNC-REG,TNC-REG,44469.0,Ind-Maintenance
TNC-SHARED,TNC-REG,0.0,Ind-Maintenance
SCHOOLBUS,TNC-REG,0.0,Ind-Maintenance
All,TNC-REG,71165.0,Ind-Maintenance
DRIVEALONE,TNC-SHARED,0.0,Ind-Maintenance
SHARED2,TNC-SHARED,0.0,Ind-Maintenance
SHARED3,TNC-SHARED,342.0,Ind-Maintenance
WALK,TNC-SHARED,3205.0,Ind-Maintenance
BIKE,TNC-SHARED,0.0,Ind-Maintenance
WALK-TRANSIT,TNC-SHARED,0.0,Ind-Maintenance
PNR-TRANSIT,TNC-SHARED,0.0,Ind-Maintenance
KNR-TRANSIT,TNC-SHARED,0.0,Ind-Maintenance
TNC-TRANSIT,TNC-SHARED,0.0,Ind-Maintenance
TAXI,TNC-SHARED,936.0,Ind-Maintenance
TNC-REG,TNC-SHARED,11004.0,Ind-Maintenance
TNC-SHARED,TNC-SHARED,18243.0,Ind-Maintenance
SCHOOLBUS,TNC-SHARED,0.0,Ind-Maintenance
All,TNC-SHARED,33730.0,Ind-Maintenance
DRIVEALONE,SCHOOLBUS,0.0,Ind-Maintenance
SHARED2,SCHOOLBUS,0.0,Ind-Maintenance
SHARED3,SCHOOLBUS,0.0,Ind-Maintenance
WALK,SCHOOLBUS,0.0,Ind-Maintenance
BIKE,SCHOOLBUS,0.0,Ind-Maintenance
WALK-TRANSIT,SCHOOLBUS,0.0,Ind-Maintenance
PNR-TRANSIT,SCHOOLBUS,0.0,Ind-Maintenance
KNR-TRANSIT,SCHOOLBUS,0.0,Ind-Maintenance
TNC-TRANSIT,SCHOOLBUS,0.0,Ind-Maintenance
TAXI,SCHOOLBUS,0.0,Ind-Maintenance
TNC-REG,SCHOOLBUS,0.0,Ind-Maintenance
TNC-SHARED,SCHOOLBUS,0.0,Ind-Maintenance
SCHOOLBUS,SCHOOLBUS,0.0,Ind-Maintenance
All,SCHOOLBUS,0.0,Ind-Maintenance
DRIVEALONE,All,5924042.0,Ind-Maintenance
SHARED2,All,2414749.0,Ind-Maintenance
SHARED3,All,1436787.0,Ind-Maintenance
WALK,All,1145500.0,Ind-Maintenance
BIKE,All,118887.0,Ind-Maintenance
WALK-TRANSIT,All,136529.0,Ind-Maintenance
PNR-TRANSIT,All,5419.0,Ind-Maintenance
KNR-TRANSIT,All,7125.0,Ind-Maintenance
TNC-TRANSIT,All,2161.0,Ind-Maintenance
TAXI,All,47087.0,Ind-Maintenance
TNC-REG,All,57516.0,Ind-Maintenance
TNC-SHARED,All,19669.0,Ind-Maintenance
SCHOOLBUS,All,0.0,Ind-Maintenance
All,All,11315472.0,Ind-Maintenance
DRIVEALONE,DRIVEALONE,2666613.0,Ind-Discretionary
SHARED2,DRIVEALONE,0.0,Ind-Discretionary
SHARED3,DRIVEALONE,0.0,Ind-Discretionary
WALK,DRIVEALONE,41244.0,Ind-Discretionary
BIKE,DRIVEALONE,0.0,Ind-Discretionary
WALK-TRANSIT,DRIVEALONE,0.0,Ind-Discretionary
PNR-TRANSIT,DRIVEALONE,0.0,Ind-Discretionary
KNR-TRANSIT,DRIVEALONE,0.0,Ind-Discretionary
TNC-TRANSIT,DRIVEALONE,0.0,Ind-Discretionary
TAXI,DRIVEALONE,0.0,Ind-Discretionary
TNC-REG,DRIVEALONE,0.0,Ind-Discretionary
TNC-SHARED,DRIVEALONE,0.0,Ind-Discretionary
SCHOOLBUS,DRIVEALONE,0.0,Ind-Discretionary
All,DRIVEALONE,2707857.0,Ind-Discretionary
DRIVEALONE,SHARED2,322410.0,Ind-Discretionary
SHARED2,SHARED2,1060475.0,Ind-Discretionary
SHARED3,SHARED2,0.0,Ind-Discretionary
WALK,SHARED2,29771.0,Ind-Discretionary
BIKE,SHARED2,0.0,Ind-Discretionary
WALK-TRANSIT,SHARED2,0.0,Ind-Discretionary
PNR-TRANSIT,SHARED2,0.0,Ind-Discretionary
KNR-TRANSIT,SHARED2,0.0,Ind-Discretionary
TNC-TRANSIT,SHARED2,0.0,Ind-Discretionary
TAXI,SHARED2,0.0,Ind-Discretionary
TNC-REG,SHARED2,0.0,Ind-Discretionary
TNC-SHARED,SHARED2,0.0,Ind-Discretionary
SCHOOLBUS,SHARED2,0.0,Ind-Discretionary
All,SHARED2,1412656.0,Ind-Discretionary
DRIVEALONE,SHARED3,112633.0,Ind-Discretionary
SHARED2,SHARED3,213730.0,Ind-Discretionary
SHARED3,SHARED3,880683.0,Ind-Discretionary
WALK,SHARED3,26520.0,Ind-Discretionary
BIKE,SHARED3,0.0,Ind-Discretionary
WALK-TRANSIT,SHARED3,0.0,Ind-Discretionary
PNR-TRANSIT,SHARED3,0.0,Ind-Discretionary
KNR-TRANSIT,SHARED3,0.0,Ind-Discretionary
TNC-TRANSIT,SHARED3,0.0,Ind-Discretionary
TAXI,SHARED3,0.0,Ind-Discretionary
TNC-REG,SHARED3,0.0,Ind-Discretionary
TNC-SHARED,SHARED3,0.0,Ind-Discretionary
SCHOOLBUS,SHARED3,0.0,Ind-Discretionary
All,SHARED3,1233566.0,Ind-Discretionary
DRIVEALONE,WALK,0.0,Ind-Discretionary
SHARED2,WALK,0.0,Ind-Discretionary
SHARED3,WALK,0.0,Ind-Discretionary
WALK,WALK,774920.0,Ind-Discretionary
BIKE,WALK,0.0,Ind-Discretionary
WALK-TRANSIT,WALK,0.0,Ind-Discretionary
PNR-TRANSIT,WALK,0.0,Ind-Discretionary
KNR-TRANSIT,WALK,0.0,Ind-Discretionary
TNC-TRANSIT,WALK,0.0,Ind-Discretionary
TAXI,WALK,0.0,Ind-Discretionary
TNC-REG,WALK,0.0,Ind-Discretionary
TNC-SHARED,WALK,0.0,Ind-Discretionary
SCHOOLBUS,WALK,0.0,Ind-Discretionary
All,WALK,774920.0,Ind-Discretionary
DRIVEALONE,BIKE,0.0,Ind-Discretionary
SHARED2,BIKE,0.0,Ind-Discretionary
SHARED3,BIKE,0.0,Ind-Discretionary
WALK,BIKE,0.0,Ind-Discretionary
BIKE,BIKE,103408.0,Ind-Discretionary
WALK-TRANSIT,BIKE,0.0,Ind-Discretionary
PNR-TRANSIT,BIKE,0.0,Ind-Discretionary
KNR-TRANSIT,BIKE,0.0,Ind-Discretionary
TNC-TRANSIT,BIKE,0.0,Ind-Discretionary
TAXI,BIKE,0.0,Ind-Discretionary
TNC-REG,BIKE,0.0,Ind-Discretionary
TNC-SHARED,BIKE,0.0,Ind-Discretionary
SCHOOLBUS,BIKE,0.0,Ind-Discretionary
All,BIKE,103408.0,Ind-Discretionary
DRIVEALONE,WALK-TRANSIT,0.0,Ind-Discretionary
SHARED2,WALK-TRANSIT,0.0,Ind-Discretionary
SHARED3,WALK-TRANSIT,0.0,Ind-Discretionary
WALK,WALK-TRANSIT,30808.0,Ind-Discretionary
BIKE,WALK-TRANSIT,0.0,Ind-Discretionary
WALK-TRANSIT,WALK-TRANSIT,86727.0,Ind-Discretionary
PNR-TRANSIT,WALK-TRANSIT,0.0,Ind-Discretionary
KNR-TRANSIT,WALK-TRANSIT,0.0,Ind-Discretionary
TNC-TRANSIT,WALK-TRANSIT,0.0,Ind-Discretionary
TAXI,WALK-TRANSIT,366.0,Ind-Discretionary
TNC-REG,WALK-TRANSIT,1471.0,Ind-Discretionary
TNC-SHARED,WALK-TRANSIT,902.0,Ind-Discretionary
SCHOOLBUS,WALK-TRANSIT,0.0,Ind-Discretionary
All,WALK-TRANSIT,120275.0,Ind-Discretionary
DRIVEALONE,PNR-TRANSIT,0.0,Ind-Discretionary
SHARED2,PNR-TRANSIT,0.0,Ind-Discretionary
SHARED3,PNR-TRANSIT,0.0,Ind-Discretionary
WALK,PNR-TRANSIT,0.0,Ind-Discretionary
BIKE,PNR-TRANSIT,0.0,Ind-Discretionary
WALK-TRANSIT,PNR-TRANSIT,0.0,Ind-Discretionary
PNR-TRANSIT,PNR-TRANSIT,3117.0,Ind-Discretionary
KNR-TRANSIT,PNR-TRANSIT,0.0,Ind-Discretionary
TNC-TRANSIT,PNR-TRANSIT,0.0,Ind-Discretionary
TAXI,PNR-TRANSIT,14.0,Ind-Discretionary
TNC-REG,PNR-TRANSIT,168.0,Ind-Discretionary
TNC-SHARED,PNR-TRANSIT,0.0,Ind-Discretionary
SCHOOLBUS,PNR-TRANSIT,0.0,Ind-Discretionary
All,PNR-TRANSIT,3300.0,Ind-Discretionary
DRIVEALONE,KNR-TRANSIT,0.0,Ind-Discretionary
SHARED2,KNR-TRANSIT,0.0,Ind-Discretionary
SHARED3,KNR-TRANSIT,0.0,Ind-Discretionary
WALK,KNR-TRANSIT,0.0,Ind-Discretionary
BIKE,KNR-TRANSIT,0.0,Ind-Discretionary
WALK-TRANSIT,KNR-TRANSIT,0.0,Ind-Discretionary
PNR-TRANSIT,KNR-TRANSIT,0.0,Ind-Discretionary
KNR-TRANSIT,KNR-TRANSIT,4605.0,Ind-Discretionary
TNC-TRANSIT,KNR-TRANSIT,0.0,Ind-Discretionary
TAXI,KNR-TRANSIT,69.0,Ind-Discretionary
TNC-REG,KNR-TRANSIT,429.0,Ind-Discretionary
TNC-SHARED,KNR-TRANSIT,106.0,Ind-Discretionary
SCHOOLBUS,KNR-TRANSIT,0.0,Ind-Discretionary
All,KNR-TRANSIT,5208.0,Ind-Discretionary
DRIVEALONE,TNC-TRANSIT,0.0,Ind-Discretionary
SHARED2,TNC-TRANSIT,0.0,Ind-Discretionary
SHARED3,TNC-TRANSIT,0.0,Ind-Discretionary
WALK,TNC-TRANSIT,0.0,Ind-Discretionary
BIKE,TNC-TRANSIT,0.0,Ind-Discretionary
WALK-TRANSIT,TNC-TRANSIT,0.0,Ind-Discretionary
PNR-TRANSIT,TNC-TRANSIT,0.0,Ind-Discretionary
KNR-TRANSIT,TNC-TRANSIT,0.0,Ind-Discretionary
TNC-TRANSIT,TNC-TRANSIT,1311.0,Ind-Discretionary
TAXI,TNC-TRANSIT,0.0,Ind-Discretionary
TNC-REG,TNC-TRANSIT,198.0,Ind-Discretionary
TNC-SHARED,TNC-TRANSIT,0.0,Ind-Discretionary
SCHOOLBUS,TNC-TRANSIT,0.0,Ind-Discretionary
All,TNC-TRANSIT,1509.0,Ind-Discretionary
DRIVEALONE,TAXI,0.0,Ind-Discretionary
SHARED2,TAXI,2249.0,Ind-Discretionary
SHARED3,TAXI,3031.0,Ind-Discretionary
WALK,TAXI,806.0,Ind-Discretionary
BIKE,TAXI,0.0,Ind-Discretionary
WALK-TRANSIT,TAXI,0.0,Ind-Discretionary
PNR-TRANSIT,TAXI,0.0,Ind-Discretionary
KNR-TRANSIT,TAXI,0.0,Ind-Discretionary
TNC-TRANSIT,TAXI,0.0,Ind-Discretionary
TAXI,TAXI,27208.0,Ind-Discretionary
TNC-REG,TAXI,0.0,Ind-Discretionary
TNC-SHARED,TAXI,0.0,Ind-Discretionary
SCHOOLBUS,TAXI,0.0,Ind-Discretionary
All,TAXI,33294.0,Ind-Discretionary
DRIVEALONE,TNC-REG,0.0,Ind-Discretionary
SHARED2,TNC-REG,5265.0,Ind-Discretionary
SHARED3,TNC-REG,523.0,Ind-Discretionary
WALK,TNC-REG,12683.0,Ind-Discretionary
BIKE,TNC-REG,0.0,Ind-Discretionary
WALK-TRANSIT,TNC-REG,0.0,Ind-Discretionary
PNR-TRANSIT,TNC-REG,0.0,Ind-Discretionary
KNR-TRANSIT,TNC-REG,0.0,Ind-Discretionary
TNC-TRANSIT,TNC-REG,0.0,Ind-Discretionary
TAXI,TNC-REG,7968.0,Ind-Discretionary
TNC-REG,TNC-REG,32373.0,Ind-Discretionary
TNC-SHARED,TNC-REG,0.0,Ind-Discretionary
SCHOOLBUS,TNC-REG,0.0,Ind-Discretionary
All,TNC-REG,58812.0,Ind-Discretionary
DRIVEALONE,TNC-SHARED,0.0,Ind-Discretionary
SHARED2,TNC-SHARED,6014.0,Ind-Discretionary
SHARED3,TNC-SHARED,1420.0,Ind-Discretionary
WALK,TNC-SHARED,6864.0,Ind-Discretionary
BIKE,TNC-SHARED,0.0,Ind-Discretionary
WALK-TRANSIT,TNC-SHARED,0.0,Ind-Discretionary
PNR-TRANSIT,TNC-SHARED,0.0,Ind-Discretionary
KNR-TRANSIT,TNC-SHARED,0.0,Ind-Discretionary
TNC-TRANSIT,TNC-SHARED,0.0,Ind-Discretionary
TAXI,TNC-SHARED,0.0,Ind-Discretionary
TNC-REG,TNC-SHARED,7258.0,Ind-Discretionary
TNC-SHARED,TNC-SHARED,20336.0,Ind-Discretionary
SCHOOLBUS,TNC-SHARED,0.0,Ind-Discretionary
All,TNC-SHARED,41892.0,Ind-Discretionary
DRIVEALONE,SCHOOLBUS,0.0,Ind-Discretionary
SHARED2,SCHOOLBUS,0.0,Ind-Discretionary
SHARED3,SCHOOLBUS,0.0,Ind-Discretionary
WALK,SCHOOLBUS,0.0,Ind-Discretionary
BIKE,SCHOOLBUS,0.0,Ind-Discretionary
WALK-TRANSIT,SCHOOLBUS,0.0,Ind-Discretionary
PNR-TRANSIT,SCHOOLBUS,0.0,Ind-Discretionary
KNR-TRANSIT,SCHOOLBUS,0.0,Ind-Discretionary
TNC-TRANSIT,SCHOOLBUS,0.0,Ind-Discretionary
TAXI,SCHOOLBUS,0.0,Ind-Discretionary
TNC-REG,SCHOOLBUS,0.0,Ind-Discretionary
TNC-SHARED,SCHOOLBUS,0.0,Ind-Discretionary
SCHOOLBUS,SCHOOLBUS,0.0,Ind-Discretionary
All,SCHOOLBUS,0.0,Ind-Discretionary
DRIVEALONE,All,3101656.0,Ind-Discretionary
SHARED2,All,1287733.0,Ind-Discretionary
SHARED3,All,885657.0,Ind-Discretionary
WALK,All,923616.0,Ind-Discretionary
BIKE,All,103408.0,Ind-Discretionary
WALK-TRANSIT,All,86727.0,Ind-Discretionary
PNR-TRANSIT,All,3117.0,Ind-Discretionary
KNR-TRANSIT,All,4605.0,Ind-Discretionary
TNC-TRANSIT,All,1311.0,Ind-Discretionary
TAXI,All,35625.0,Ind-Discretionary
TNC-REG,All,41897.0,Ind-Discretionary
TNC-SHARED,All,21344.0,Ind-Discretionary
SCHOOLBUS,All,0.0,Ind-Discretionary
All,All,6496697.0,Ind-Discretionary
DRIVEALONE,DRIVEALONE,0.0,Joint-Maintenance
SHARED2,DRIVEALONE,0.0,Joint-Maintenance
SHARED3,DRIVEALONE,0.0,Joint-Maintenance
WALK,DRIVEALONE,0.0,Joint-Maintenance
BIKE,DRIVEALONE,0.0,Joint-Maintenance
WALK-TRANSIT,DRIVEALONE,0.0,Joint-Maintenance
PNR-TRANSIT,DRIVEALONE,0.0,Joint-Maintenance
KNR-TRANSIT,DRIVEALONE,0.0,Joint-Maintenance
TNC-TRANSIT,DRIVEALONE,0.0,Joint-Maintenance
TAXI,DRIVEALONE,0.0,Joint-Maintenance
TNC-REG,DRIVEALONE,0.0,Joint-Maintenance
TNC-SHARED,DRIVEALONE,0.0,Joint-Maintenance
SCHOOLBUS,DRIVEALONE,0.0,Joint-Maintenance
All,DRIVEALONE,0.0,Joint-Maintenance
DRIVEALONE,SHARED2,0.0,Joint-Maintenance
SHARED2,SHARED2,732019.0,Joint-Maintenance
SHARED3,SHARED2,0.0,Joint-Maintenance
WALK,SHARED2,2045.0,Joint-Maintenance
BIKE,SHARED2,0.0,Joint-Maintenance
WALK-TRANSIT,SHARED2,0.0,Joint-Maintenance
PNR-TRANSIT,SHARED2,0.0,Joint-Maintenance
KNR-TRANSIT,SHARED2,0.0,Joint-Maintenance
TNC-TRANSIT,SHARED2,0.0,Joint-Maintenance
TAXI,SHARED2,0.0,Joint-Maintenance
TNC-REG,SHARED2,0.0,Joint-Maintenance
TNC-SHARED,SHARED2,0.0,Joint-Maintenance
SCHOOLBUS,SHARED2,0.0,Joint-Maintenance
All,SHARED2,734064.0,Joint-Maintenance
DRIVEALONE,SHARED3,0.0,Joint-Maintenance
SHARED2,SHARED3,33731.0,Joint-Maintenance
SHARED3,SHARED3,230115.0,Joint-Maintenance
WALK,SHARED3,2131.0,Joint-Maintenance
BIKE,SHARED3,0.0,Joint-Maintenance
WALK-TRANSIT,SHARED3,0.0,Joint-Maintenance
PNR-TRANSIT,SHARED3,0.0,Joint-Maintenance
KNR-TRANSIT,SHARED3,0.0,Joint-Maintenance
TNC-TRANSIT,SHARED3,0.0,Joint-Maintenance
TAXI,SHARED3,0.0,Joint-Maintenance
TNC-REG,SHARED3,0.0,Joint-Maintenance
TNC-SHARED,SHARED3,0.0,Joint-Maintenance
SCHOOLBUS,SHARED3,0.0,Joint-Maintenance
All,SHARED3,265977.0,Joint-Maintenance
DRIVEALONE,WALK,0.0,Joint-Maintenance
SHARED2,WALK,0.0,Joint-Maintenance
SHARED3,WALK,0.0,Joint-Maintenance
WALK,WALK,35714.0,Joint-Maintenance
BIKE,WALK,0.0,Joint-Maintenance
WALK-TRANSIT,WALK,0.0,Joint-Maintenance
PNR-TRANSIT,WALK,0.0,Joint-Maintenance
KNR-TRANSIT,WALK,0.0,Joint-Maintenance
TNC-TRANSIT,WALK,0.0,Joint-Maintenance
TAXI,WALK,0.0,Joint-Maintenance
TNC-REG,WALK,0.0,Joint-Maintenance
TNC-SHARED,WALK,0.0,Joint-Maintenance
SCHOOLBUS,WALK,0.0,Joint-Maintenance
All,WALK,35714.0,Joint-Maintenance
DRIVEALONE,BIKE,0.0,Joint-Maintenance
SHARED2,BIKE,0.0,Joint-Maintenance
SHARED3,BIKE,0.0,Joint-Maintenance
WALK,BIKE,0.0,Joint-Maintenance
BIKE,BIKE,2671.0,Joint-Maintenance
WALK-TRANSIT,BIKE,0.0,Joint-Maintenance
PNR-TRANSIT,BIKE,0.0,Joint-Maintenance
KNR-TRANSIT,BIKE,0.0,Joint-Maintenance
TNC-TRANSIT,BIKE,0.0,Joint-Maintenance
TAXI,BIKE,0.0,Joint-Maintenance
TNC-REG,BIKE,0.0,Joint-Maintenance
TNC-SHARED,BIKE,0.0,Joint-Maintenance
SCHOOLBUS,BIKE,0.0,Joint-Maintenance
All,BIKE,2671.0,Joint-Maintenance
DRIVEALONE,WALK-TRANSIT,0.0,Joint-Maintenance
SHARED2,WALK-TRANSIT,0.0,Joint-Maintenance
SHARED3,WALK-TRANSIT,0.0,Joint-Maintenance
WALK,WALK-TRANSIT,537.0,Joint-Maintenance
BIKE,WALK-TRANSIT,0.0,Joint-Maintenance
WALK-TRANSIT,WALK-TRANSIT,10255.0,Joint-Maintenance
PNR-TRANSIT,WALK-TRANSIT,0.0,Joint-Maintenance
KNR-TRANSIT,WALK-TRANSIT,0.0,Joint-Maintenance
TNC-TRANSIT,WALK-TRANSIT,0.0,Joint-Maintenance
TAXI,WALK-TRANSIT,0.0,Joint-Maintenance
TNC-REG,WALK-TRANSIT,0.0,Joint-Maintenance
TNC-SHARED,WALK-TRANSIT,0.0,Joint-Maintenance
SCHOOLBUS,WALK-TRANSIT,0.0,Joint-Maintenance
All,WALK-TRANSIT,10792.0,Joint-Maintenance
DRIVEALONE,PNR-TRANSIT,0.0,Joint-Maintenance
SHARED2,PNR-TRANSIT,0.0,Joint-Maintenance
SHARED3,PNR-TRANSIT,0.0,Joint-Maintenance
WALK,PNR-TRANSIT,0.0,Joint-Maintenance
BIKE,PNR-TRANSIT,0.0,Joint-Maintenance
WALK-TRANSIT,PNR-TRANSIT,0.0,Joint-Maintenance
PNR-TRANSIT,PNR-TRANSIT,196.0,Joint-Maintenance
KNR-TRANSIT,PNR-TRANSIT,0.0,Joint-Maintenance
TNC-TRANSIT,PNR-TRANSIT,0.0,Joint-Maintenance
TAXI,PNR-TRANSIT,0.0,Joint-Maintenance
TNC-REG,PNR-TRANSIT,0.0,Joint-Maintenance
TNC-SHARED,PNR-TRANSIT,0.0,Joint-Maintenance
SCHOOLBUS,PNR-TRANSIT,0.0,Joint-Maintenance
All,PNR-TRANSIT,196.0,Joint-Maintenance
DRIVEALONE,KNR-TRANSIT,0.0,Joint-Maintenance
SHARED2,KNR-TRANSIT,0.0,Joint-Maintenance
SHARED3,KNR-TRANSIT,0.0,Joint-Maintenance
WALK,KNR-TRANSIT,0.0,Joint-Maintenance
BIKE,KNR-TRANSIT,0.0,Joint-Maintenance
WALK-TRANSIT,KNR-TRANSIT,0.0,Joint-Maintenance
PNR-TRANSIT,KNR-TRANSIT,0.0,Joint-Maintenance
KNR-TRANSIT,KNR-TRANSIT,718.0,Joint-Maintenance
TNC-TRANSIT,KNR-TRANSIT,0.0,Joint-Maintenance
TAXI,KNR-TRANSIT,0.0,Joint-Maintenance
TNC-REG,KNR-TRANSIT,0.0,Joint-Maintenance
TNC-SHARED,KNR-TRANSIT,0.0,Joint-Maintenance
SCHOOLBUS,KNR-TRANSIT,0.0,Joint-Maintenance
All,KNR-TRANSIT,718.0,Joint-Maintenance
DRIVEALONE,TNC-TRANSIT,0.0,Joint-Maintenance
SHARED2,TNC-TRANSIT,0.0,Joint-Maintenance
SHARED3,TNC-TRANSIT,0.0,Joint-Maintenance
WALK,TNC-TRANSIT,0.0,Joint-Maintenance
BIKE,TNC-TRANSIT,0.0,Joint-Maintenance
WALK-TRANSIT,TNC-TRANSIT,0.0,Joint-Maintenance
PNR-TRANSIT,TNC-TRANSIT,0.0,Joint-Maintenance
KNR-TRANSIT,TNC-TRANSIT,0.0,Joint-Maintenance
TNC-TRANSIT,TNC-TRANSIT,124.0,Joint-Maintenance
TAXI,TNC-TRANSIT,0.0,Joint-Maintenance
TNC-REG,TNC-TRANSIT,0.0,Joint-Maintenance
TNC-SHARED,TNC-TRANSIT,0.0,Joint-Maintenance
SCHOOLBUS,TNC-TRANSIT,0.0,Joint-Maintenance
All,TNC-TRANSIT,124.0,Joint-Maintenance
DRIVEALONE,TAXI,0.0,Joint-Maintenance
SHARED2,TAXI,0.0,Joint-Maintenance
SHARED3,TAXI,0.0,Joint-Maintenance
WALK,TAXI,0.0,Joint-Maintenance
BIKE,TAXI,0.0,Joint-Maintenance
WALK-TRANSIT,TAXI,0.0,Joint-Maintenance
PNR-TRANSIT,TAXI,0.0,Joint-Maintenance
KNR-TRANSIT,TAXI,0.0,Joint-Maintenance
TNC-TRANSIT,TAXI,0.0,Joint-Maintenance
TAXI,TAXI,772.0,Joint-Maintenance
TNC-REG,TAXI,0.0,Joint-Maintenance
TNC-SHARED,TAXI,0.0,Joint-Maintenance
SCHOOLBUS,TAXI,0.0,Joint-Maintenance
All,TAXI,772.0,Joint-Maintenance
DRIVEALONE,TNC-REG,0.0,Joint-Maintenance
SHARED2,TNC-REG,0.0,Joint-Maintenance
SHARED3,TNC-REG,0.0,Joint-Maintenance
WALK,TNC-REG,0.0,Joint-Maintenance
BIKE,TNC-REG,0.0,Joint-Maintenance
WALK-TRANSIT,TNC-REG,0.0,Joint-Maintenance
PNR-TRANSIT,TNC-REG,0.0,Joint-Maintenance
KNR-TRANSIT,TNC-REG,0.0,Joint-Maintenance
TNC-TRANSIT,TNC-REG,0.0,Joint-Maintenance
TAXI,TNC-REG,0.0,Joint-Maintenance
TNC-REG,TNC-REG,0.0,Joint-Maintenance
TNC-SHARED,TNC-REG,0.0,Joint-Maintenance
SCHOOLBUS,TNC-REG,0.0,Joint-Maintenance
All,TNC-REG,0.0,Joint-Maintenance
DRIVEALONE,TNC-SHARED,0.0,Joint-Maintenance
SHARED2,TNC-SHARED,0.0,Joint-Maintenance
SHARED3,TNC-SHARED,0.0,Joint-Maintenance
WALK,TNC-SHARED,241.0,Joint-Maintenance
BIKE,TNC-SHARED,0.0,Joint-Maintenance
WALK-TRANSIT,TNC-SHARED,0.0,Joint-Maintenance
PNR-TRANSIT,TNC-SHARED,0.0,Joint-Maintenance
KNR-TRANSIT,TNC-SHARED,0.0,Joint-Maintenance
TNC-TRANSIT,TNC-SHARED,0.0,Joint-Maintenance
TAXI,TNC-SHARED,0.0,Joint-Maintenance
TNC-REG,TNC-SHARED,0.0,Joint-Maintenance
TNC-SHARED,TNC-SHARED,567.0,Joint-Maintenance
SCHOOLBUS,TNC-SHARED,0.0,Joint-Maintenance
All,TNC-SHARED,808.0,Joint-Maintenance
DRIVEALONE,SCHOOLBUS,0.0,Joint-Maintenance
SHARED2,SCHOOLBUS,0.0,Joint-Maintenance
SHARED3,SCHOOLBUS,0.0,Joint-Maintenance
WALK,SCHOOLBUS,0.0,Joint-Maintenance
BIKE,SCHOOLBUS,0.0,Joint-Maintenance
WALK-TRANSIT,SCHOOLBUS,0.0,Joint-Maintenance
PNR-TRANSIT,SCHOOLBUS,0.0,Joint-Maintenance
KNR-TRANSIT,SCHOOLBUS,0.0,Joint-Maintenance
TNC-TRANSIT,SCHOOLBUS,0.0,Joint-Maintenance
TAXI,SCHOOLBUS,0.0,Joint-Maintenance
TNC-REG,SCHOOLBUS,0.0,Joint-Maintenance
TNC-SHARED,SCHOOLBUS,0.0,Joint-Maintenance
SCHOOLBUS,SCHOOLBUS,0.0,Joint-Maintenance
All,SCHOOLBUS,0.0,Joint-Maintenance
DRIVEALONE,All,0.0,Joint-Maintenance
SHARED2,All,765750.0,Joint-Maintenance
SHARED3,All,230115.0,Joint-Maintenance
WALK,All,40668.0,Joint-Maintenance
BIKE,All,2671.0,Joint-Maintenance
WALK-TRANSIT,All,10255.0,Joint-Maintenance
PNR-TRANSIT,All,196.0,Joint-Maintenance
KNR-TRANSIT,All,718.0,Joint-Maintenance
TNC-TRANSIT,All,124.0,Joint-Maintenance
TAXI,All,772.0,Joint-Maintenance
TNC-REG,All,0.0,Joint-Maintenance
TNC-SHARED,All,567.0,Joint-Maintenance
SCHOOLBUS,All,0.0,Joint-Maintenance
All,All,1051836.0,Joint-Maintenance
DRIVEALONE,DRIVEALONE,0.0,Joint-Discretionary
SHARED2,DRIVEALONE,0.0,Joint-Discretionary
SHARED3,DRIVEALONE,0.0,Joint-Discretionary
WALK,DRIVEALONE,0.0,Joint-Discretionary
BIKE,DRIVEALONE,0.0,Joint-Discretionary
WALK-TRANSIT,DRIVEALONE,0.0,Joint-Discretionary
PNR-TRANSIT,DRIVEALONE,0.0,Joint-Discretionary
KNR-TRANSIT,DRIVEALONE,0.0,Joint-Discretionary
TNC-TRANSIT,DRIVEALONE,0.0,Joint-Discretionary
TAXI,DRIVEALONE,0.0,Joint-Discretionary
TNC-REG,DRIVEALONE,0.0,Joint-Discretionary
TNC-SHARED,DRIVEALONE,0.0,Joint-Discretionary
SCHOOLBUS,DRIVEALONE,0.0,Joint-Discretionary
All,DRIVEALONE,0.0,Joint-Discretionary
DRIVEALONE,SHARED2,0.0,Joint-Discretionary
SHARED2,SHARED2,530217.0,Joint-Discretionary
SHARED3,SHARED2,0.0,Joint-Discretionary
WALK,SHARED2,4743.0,Joint-Discretionary
BIKE,SHARED2,0.0,Joint-Discretionary
WALK-TRANSIT,SHARED2,0.0,Joint-Discretionary
PNR-TRANSIT,SHARED2,0.0,Joint-Discretionary
KNR-TRANSIT,SHARED2,0.0,Joint-Discretionary
TNC-TRANSIT,SHARED2,0.0,Joint-Discretionary
TAXI,SHARED2,0.0,Joint-Discretionary
TNC-REG,SHARED2,0.0,Joint-Discretionary
TNC-SHARED,SHARED2,0.0,Joint-Discretionary
SCHOOLBUS,SHARED2,0.0,Joint-Discretionary
All,SHARED2,534960.0,Joint-Discretionary
DRIVEALONE,SHARED3,0.0,Joint-Discretionary
SHARED2,SHARED3,41976.0,Joint-Discretionary
SHARED3,SHARED3,233917.0,Joint-Discretionary
WALK,SHARED3,2454.0,Joint-Discretionary
BIKE,SHARED3,0.0,Joint-Discretionary
WALK-TRANSIT,SHARED3,0.0,Joint-Discretionary
PNR-TRANSIT,SHARED3,0.0,Joint-Discretionary
KNR-TRANSIT,SHARED3,0.0,Joint-Discretionary
TNC-TRANSIT,SHARED3,0.0,Joint-Discretionary
TAXI,SHARED3,0.0,Joint-Discretionary
TNC-REG,SHARED3,0.0,Joint-Discretionary
TNC-SHARED,SHARED3,0.0,Joint-Discretionary
SCHOOLBUS,SHARED3,0.0,Joint-Discretionary
All,SHARED3,278347.0,Joint-Discretionary
DRIVEALONE,WALK,0.0,Joint-Discretionary
SHARED2,WALK,0.0,Joint-Discretionary
SHARED3,WALK,0.0,Joint-Discretionary
WALK,WALK,53168.0,Joint-Discretionary
BIKE,WALK,0.0,Joint-Discretionary
WALK-TRANSIT,WALK,0.0,Joint-Discretionary
PNR-TRANSIT,WALK,0.0,Joint-Discretionary
KNR-TRANSIT,WALK,0.0,Joint-Discretionary
TNC-TRANSIT,WALK,0.0,Joint-Discretionary
TAXI,WALK,0.0,Joint-Discretionary
TNC-REG,WALK,0.0,Joint-Discretionary
TNC-SHARED,WALK,0.0,Joint-Discretionary
SCHOOLBUS,WALK,0.0,Joint-Discretionary
All,WALK,53168.0,Joint-Discretionary
DRIVEALONE,BIKE,0.0,Joint-Discretionary
SHARED2,BIKE,0.0,Joint-Discretionary
SHARED3,BIKE,0.0,Joint-Discretionary
WALK,BIKE,0.0,Joint-Discretionary
BIKE,BIKE,3314.0,Joint-Discretionary
WALK-TRANSIT,BIKE,0.0,Joint-Discretionary
PNR-TRANSIT,BIKE,0.0,Joint-Discretionary
KNR-TRANSIT,BIKE,0.0,Joint-Discretionary
TNC-TRANSIT,BIKE,0.0,Joint-Discretionary
TAXI,BIKE,0.0,Joint-Discretionary
TNC-REG,BIKE,0.0,Joint-Discretionary
TNC-SHARED,BIKE,0.0,Joint-Discretionary
SCHOOLBUS,BIKE,0.0,Joint-Discretionary
All,BIKE,3314.0,Joint-Discretionary
DRIVEALONE,WALK-TRANSIT,0.0,Joint-Discretionary
SHARED2,WALK-TRANSIT,0.0,Joint-Discretionary
SHARED3,WALK-TRANSIT,0.0,Joint-Discretionary
WALK,WALK-TRANSIT,3871.0,Joint-Discretionary
BIKE,WALK-TRANSIT,0.0,Joint-Discretionary
WALK-TRANSIT,WALK-TRANSIT,10315.0,Joint-Discretionary
PNR-TRANSIT,WALK-TRANSIT,0.0,Joint-Discretionary
KNR-TRANSIT,WALK-TRANSIT,0.0,Joint-Discretionary
TNC-TRANSIT,WALK-TRANSIT,0.0,Joint-Discretionary
TAXI,WALK-TRANSIT,1135.0,Joint-Discretionary
TNC-REG,WALK-TRANSIT,1484.0,Joint-Discretionary
TNC-SHARED,WALK-TRANSIT,0.0,Joint-Discretionary
SCHOOLBUS,WALK-TRANSIT,0.0,Joint-Discretionary
All,WALK-TRANSIT,16805.0,Joint-Discretionary
DRIVEALONE,PNR-TRANSIT,0.0,Joint-Discretionary
SHARED2,PNR-TRANSIT,0.0,Joint-Discretionary
SHARED3,PNR-TRANSIT,0.0,Joint-Discretionary
WALK,PNR-TRANSIT,0.0,Joint-Discretionary
BIKE,PNR-TRANSIT,0.0,Joint-Discretionary
WALK-TRANSIT,PNR-TRANSIT,0.0,Joint-Discretionary
PNR-TRANSIT,PNR-TRANSIT,354.0,Joint-Discretionary
KNR-TRANSIT,PNR-TRANSIT,0.0,Joint-Discretionary
TNC-TRANSIT,PNR-TRANSIT,0.0,Joint-Discretionary
TAXI,PNR-TRANSIT,0.0,Joint-Discretionary
TNC-REG,PNR-TRANSIT,0.0,Joint-Discretionary
TNC-SHARED,PNR-TRANSIT,0.0,Joint-Discretionary
SCHOOLBUS,PNR-TRANSIT,0.0,Joint-Discretionary
All,PNR-TRANSIT,354.0,Joint-Discretionary
DRIVEALONE,KNR-TRANSIT,0.0,Joint-Discretionary
SHARED2,KNR-TRANSIT,0.0,Joint-Discretionary
SHARED3,KNR-TRANSIT,0.0,Joint-Discretionary
WALK,KNR-TRANSIT,0.0,Joint-Discretionary
BIKE,KNR-TRANSIT,0.0,Joint-Discretionary
WALK-TRANSIT,KNR-TRANSIT,0.0,Joint-Discretionary
PNR-TRANSIT,KNR-TRANSIT,0.0,Joint-Discretionary
KNR-TRANSIT,KNR-TRANSIT,865.0,Joint-Discretionary
TNC-TRANSIT,KNR-TRANSIT,0.0,Joint-Discretionary
TAXI,KNR-TRANSIT,0.0,Joint-Discretionary
TNC-REG,KNR-TRANSIT,0.0,Joint-Discretionary
TNC-SHARED,KNR-TRANSIT,0.0,Joint-Discretionary
SCHOOLBUS,KNR-TRANSIT,0.0,Joint-Discretionary
All,KNR-TRANSIT,865.0,Joint-Discretionary
DRIVEALONE,TNC-TRANSIT,0.0,Joint-Discretionary
SHARED2,TNC-TRANSIT,0.0,Joint-Discretionary
SHARED3,TNC-TRANSIT,0.0,Joint-Discretionary
WALK,TNC-TRANSIT,0.0,Joint-Discretionary
BIKE,TNC-TRANSIT,0.0,Joint-Discretionary
WALK-TRANSIT,TNC-TRANSIT,0.0,Joint-Discretionary
PNR-TRANSIT,TNC-TRANSIT,0.0,Joint-Discretionary
KNR-TRANSIT,TNC-TRANSIT,0.0,Joint-Discretionary
TNC-TRANSIT,TNC-TRANSIT,257.0,Joint-Discretionary
TAXI,TNC-TRANSIT,0.0,Joint-Discretionary
TNC-REG,TNC-TRANSIT,0.0,Joint-Discretionary
TNC-SHARED,TNC-TRANSIT,0.0,Joint-Discretionary
SCHOOLBUS,TNC-TRANSIT,0.0,Joint-Discretionary
All,TNC-TRANSIT,257.0,Joint-Discretionary
DRIVEALONE,TAXI,0.0,Joint-Discretionary
SHARED2,TAXI,0.0,Joint-Discretionary
SHARED3,TAXI,123.0,Joint-Discretionary
WALK,TAXI,0.0,Joint-Discretionary
BIKE,TAXI,0.0,Joint-Discretionary
WALK-TRANSIT,TAXI,0.0,Joint-Discretionary
PNR-TRANSIT,TAXI,0.0,Joint-Discretionary
KNR-TRANSIT,TAXI,0.0,Joint-Discretionary
TNC-TRANSIT,TAXI,0.0,Joint-Discretionary
TAXI,TAXI,2022.0,Joint-Discretionary
TNC-REG,TAXI,0.0,Joint-Discretionary
TNC-SHARED,TAXI,0.0,Joint-Discretionary
SCHOOLBUS,TAXI,0.0,Joint-Discretionary
All,TAXI,2145.0,Joint-Discretionary
DRIVEALONE,TNC-REG,0.0,Joint-Discretionary
SHARED2,TNC-REG,236.0,Joint-Discretionary
SHARED3,TNC-REG,71.0,Joint-Discretionary
WALK,TNC-REG,3074.0,Joint-Discretionary
BIKE,TNC-REG,0.0,Joint-Discretionary
WALK-TRANSIT,TNC-REG,0.0,Joint-Discretionary
PNR-TRANSIT,TNC-REG,0.0,Joint-Discretionary
KNR-TRANSIT,TNC-REG,0.0,Joint-Discretionary
TNC-TRANSIT,TNC-REG,0.0,Joint-Discretionary
TAXI,TNC-REG,0.0,Joint-Discretionary
TNC-REG,TNC-REG,4522.0,Joint-Discretionary
TNC-SHARED,TNC-REG,0.0,Joint-Discretionary
SCHOOLBUS,TNC-REG,0.0,Joint-Discretionary
All,TNC-REG,7903.0,Joint-Discretionary
DRIVEALONE,TNC-SHARED,0.0,Joint-Discretionary
SHARED2,TNC-SHARED,0.0,Joint-Discretionary
SHARED3,TNC-SHARED,0.0,Joint-Discretionary
WALK,TNC-SHARED,0.0,Joint-Discretionary
BIKE,TNC-SHARED,0.0,Joint-Discretionary
WALK-TRANSIT,TNC-SHARED,0.0,Joint-Discretionary
PNR-TRANSIT,TNC-SHARED,0.0,Joint-Discretionary
KNR-TRANSIT,TNC-SHARED,0.0,Joint-Discretionary
TNC-TRANSIT,TNC-SHARED,0.0,Joint-Discretionary
TAXI,TNC-SHARED,0.0,Joint-Discretionary
TNC-REG,TNC-SHARED,1249.0,Joint-Discretionary
TNC-SHARED,TNC-SHARED,3939.0,Joint-Discretionary
SCHOOLBUS,TNC-SHARED,0.0,Joint-Discretionary
All,TNC-SHARED,5188.0,Joint-Discretionary
DRIVEALONE,SCHOOLBUS,0.0,Joint-Discretionary
SHARED2,SCHOOLBUS,0.0,Joint-Discretionary
SHARED3,SCHOOLBUS,0.0,Joint-Discretionary
WALK,SCHOOLBUS,0.0,Joint-Discretionary
BIKE,SCHOOLBUS,0.0,Joint-Discretionary
WALK-TRANSIT,SCHOOLBUS,0.0,Joint-Discretionary
PNR-TRANSIT,SCHOOLBUS,0.0,Joint-Discretionary
KNR-TRANSIT,SCHOOLBUS,0.0,Joint-Discretionary
TNC-TRANSIT,SCHOOLBUS,0.0,Joint-Discretionary
TAXI,SCHOOLBUS,0.0,Joint-Discretionary
TNC-REG,SCHOOLBUS,0.0,Joint-Discretionary
TNC-SHARED,SCHOOLBUS,0.0,Joint-Discretionary
SCHOOLBUS,SCHOOLBUS,0.0,Joint-Discretionary
All,SCHOOLBUS,0.0,Joint-Discretionary
DRIVEALONE,All,0.0,Joint-Discretionary
SHARED2,All,572429.0,Joint-Discretionary
SHARED3,All,234111.0,Joint-Discretionary
WALK,All,67310.0,Joint-Discretionary
BIKE,All,3314.0,Joint-Discretionary
WALK-TRANSIT,All,10315.0,Joint-Discretionary
PNR-TRANSIT,All,354.0,Joint-Discretionary
KNR-TRANSIT,All,865.0,Joint-Discretionary
TNC-TRANSIT,All,257.0,Joint-Discretionary
TAXI,All,3157.0,Joint-Discretionary
TNC-REG,All,7255.0,Joint-Discretionary
TNC-SHARED,All,3939.0,Joint-Discretionary
SCHOOLBUS,All,0.0,Joint-Discretionary
All,All,903306.0,Joint-Discretionary
